,predictions,target
0,1.0,1
1,1.0,1
2,0.0,0
3,0.0,0
4,0.0,0
5,0.0,0
6,0.0,0
7,0.0,0
8,1.0,1
9,0.0,0
10,1.0,1
11,1.0,1
12,0.0,0
13,0.0,1
14,0.0,0
15,0.0,0
16,1.0,1
17,0.0,1
18,0.0,0
19,0.0,0
20,0.0,0
21,0.0,0
22,0.0,0
23,0.0,0
24,0.0,0
25,1.0,1
26,1.0,1
27,0.0,1
28,0.0,0
29,1.0,1
30,0.0,0
31,0.0,1
32,0.0,0
33,1.0,1
34,1.0,1
35,1.0,1
36,0.0,1
37,0.0,0
38,0.0,0
39,1.0,1
40,0.0,0
41,0.0,1
42,0.0,0
43,0.0,0
44,0.0,1
45,1.0,1
46,1.0,1
47,0.0,1
48,0.0,1
49,0.0,0
50,0.0,0
51,0.0,0
52,0.0,0
53,0.0,0
54,0.0,0
55,0.0,0
56,0.0,0
57,0.0,0
58,1.0,1
59,0.0,1
60,0.0,0
61,0.0,0
62,0.0,0
63,1.0,1
64,1.0,1
65,1.0,1
66,1.0,0
67,0.0,0
68,1.0,1
69,1.0,0
70,1.0,0
71,1.0,0
72,1.0,0
73,0.0,0
74,1.0,0
75,1.0,0
76,1.0,1
77,1.0,1
78,1.0,1
79,1.0,1
80,0.0,0
81,1.0,1
82,1.0,0
83,1.0,1
84,0.0,1
85,0.0,0
86,1.0,1
87,0.0,1
88,0.0,0
89,1.0,1
90,0.0,0
91,1.0,1
92,1.0,1
93,0.0,0
94,1.0,1
95,1.0,1
96,0.0,0
97,1.0,1
98,0.0,1
99,1.0,0
100,1.0,1
101,0.0,1
102,1.0,0
103,1.0,1
104,1.0,1
105,1.0,1
106,1.0,1
107,0.0,1
108,0.0,0
109,1.0,0
110,1.0,1
111,1.0,1
112,1.0,0
113,1.0,1
114,0.0,0
115,1.0,1
116,1.0,1
117,1.0,1
118,1.0,0
119,0.0,0
120,0.0,0
121,0.0,0
122,0.0,0
123,1.0,1
124,1.0,1
125,1.0,1
126,0.0,0
127,1.0,0
128,1.0,1
129,1.0,1
130,1.0,1
131,1.0,1
132,0.0,0
133,0.0,0
134,0.0,1
135,1.0,1
136,1.0,1
137,0.0,0
138,0.0,0
139,1.0,0
140,0.0,0
141,1.0,1
142,0.0,0
143,0.0,1
144,0.0,0
145,0.0,0
146,0.0,0
147,1.0,1
148,0.0,0
149,1.0,1
150,1.0,1
151,1.0,1
152,1.0,1
153,1.0,1
154,0.0,0
155,1.0,1
156,0.0,0
157,1.0,1
158,0.0,1
159,1.0,1
160,1.0,1
161,1.0,1
162,1.0,1
163,0.0,0
164,0.0,0
165,0.0,1
166,1.0,1
167,1.0,1
168,1.0,1
169,1.0,1
170,1.0,1
171,0.0,1
172,1.0,1
173,0.0,0
174,0.0,0
175,0.0,1
176,0.0,0
177,1.0,1
178,1.0,0
179,0.0,1
180,1.0,1
181,0.0,0
182,1.0,1
183,1.0,1
184,0.0,0
185,1.0,1
186,1.0,1
187,1.0,0
188,0.0,0
189,1.0,1
190,1.0,1
191,1.0,1
192,1.0,0
193,1.0,1
194,0.0,0
195,0.0,0
196,0.0,0
197,1.0,1
198,0.0,0
199,0.0,0
200,0.0,0
201,1.0,1
202,0.0,0
203,0.0,0
204,1.0,1
205,1.0,1
206,0.0,0
207,1.0,1
208,0.0,0
209,1.0,1
210,1.0,1
211,0.0,0
212,1.0,1
213,1.0,1
214,0.0,0
215,0.0,0
216,0.0,0
217,0.0,0
218,1.0,1
219,1.0,0
220,0.0,0
221,1.0,1
222,0.0,0
223,1.0,0
224,1.0,1
225,1.0,1
226,1.0,1
227,0.0,0
228,0.0,0
229,0.0,0
230,1.0,1
231,0.0,0
232,0.0,1
233,1.0,1
234,0.0,0
235,1.0,1
236,1.0,1
237,1.0,1
238,1.0,0
239,1.0,1
240,1.0,0
241,1.0,1
242,0.0,0
243,1.0,1
244,0.0,0
245,0.0,1
246,0.0,1
247,0.0,0
248,1.0,1
249,0.0,0
250,1.0,1
251,0.0,0
252,1.0,0
253,0.0,0
254,1.0,1
255,1.0,1
256,1.0,1
257,0.0,1
258,1.0,1
259,0.0,0
260,1.0,1
261,0.0,0
262,1.0,1
263,0.0,0
264,1.0,1
265,1.0,1
266,1.0,0
267,0.0,0
268,0.0,0
269,0.0,0
270,0.0,0
271,0.0,1
272,1.0,0
273,1.0,0
274,0.0,1
275,0.0,0
276,0.0,0
277,0.0,0
278,0.0,0
279,0.0,0
280,0.0,0
281,0.0,0
282,1.0,1
283,0.0,0
284,0.0,0
285,0.0,0
286,0.0,0
287,0.0,0
288,1.0,1
289,0.0,0
290,0.0,0
291,0.0,1
292,1.0,1
293,0.0,0
294,1.0,1
295,1.0,0
296,0.0,0
297,1.0,1
298,1.0,1
299,0.0,1
300,0.0,0
301,1.0,1
302,0.0,0
303,0.0,1
304,0.0,0
305,0.0,0
306,0.0,0
307,0.0,0
308,1.0,1
309,1.0,0
310,1.0,1
311,0.0,0
312,1.0,1
313,0.0,0
314,1.0,1
315,0.0,0
316,1.0,0
317,1.0,1
318,0.0,0
319,1.0,0
320,0.0,0
321,1.0,1
322,0.0,0
323,1.0,1
324,0.0,0
325,0.0,0
326,0.0,0
327,1.0,1
328,0.0,0
329,0.0,0
330,0.0,0
331,0.0,1
332,1.0,1
333,0.0,0
334,1.0,1
335,1.0,0
336,1.0,1
337,1.0,1
338,1.0,1
339,0.0,0
340,1.0,1
341,1.0,1
342,0.0,1
343,0.0,0
344,1.0,1
345,0.0,1
346,0.0,0
347,0.0,0
348,0.0,0
349,0.0,0
350,0.0,1
351,0.0,0
352,0.0,0
353,1.0,1
354,1.0,1
355,1.0,1
356,0.0,1
357,0.0,0
358,0.0,0
359,1.0,1
360,1.0,1
361,0.0,1
362,0.0,1
363,0.0,0
364,0.0,1
365,0.0,0
366,0.0,0
367,0.0,0
368,0.0,0
369,1.0,1
370,0.0,1
371,0.0,0
372,0.0,0
373,1.0,1
374,1.0,1
375,1.0,1
376,1.0,1
377,1.0,1
378,0.0,1
379,1.0,1
380,0.0,1
381,1.0,1
382,0.0,1
383,0.0,1
384,0.0,0
385,0.0,0
386,0.0,0
387,0.0,0
388,1.0,1
389,0.0,0
390,0.0,0
391,0.0,1
392,1.0,1
393,0.0,0
394,0.0,0
395,0.0,1
396,1.0,1
397,0.0,0
398,1.0,1
399,1.0,1
400,1.0,1
401,1.0,1
402,0.0,1
403,1.0,0
404,0.0,0
405,0.0,0
406,0.0,0
407,0.0,0
408,0.0,0
409,1.0,1
410,1.0,1
411,1.0,1
412,0.0,0
413,1.0,1
414,1.0,1
415,0.0,1
416,1.0,1
417,1.0,0
418,1.0,1
419,1.0,1
420,1.0,1
421,1.0,0
422,0.0,0
423,0.0,0
424,1.0,1
425,0.0,1
426,1.0,1
427,0.0,0
428,0.0,0
429,0.0,0
430,1.0,1
431,0.0,0
432,1.0,0
433,1.0,1
434,1.0,0
435,0.0,0
436,1.0,1
437,1.0,1
438,0.0,1
439,1.0,1
440,0.0,0
441,0.0,0
442,1.0,1
443,1.0,0
444,1.0,1
445,1.0,1
446,0.0,0
447,0.0,1
448,0.0,1
449,0.0,0
450,0.0,0
451,0.0,0
452,1.0,1
453,0.0,1
454,0.0,0
455,1.0,0
456,1.0,1
457,1.0,1
458,1.0,1
459,0.0,1
460,1.0,1
461,1.0,1
462,0.0,0
463,1.0,1
464,1.0,0
465,1.0,1
466,1.0,1
467,1.0,1
468,0.0,0
469,0.0,1
470,0.0,0
471,1.0,1
472,1.0,1
473,1.0,1
474,1.0,1
475,1.0,1
476,0.0,1
477,1.0,1
478,0.0,1
479,1.0,1
480,1.0,1
481,1.0,1
482,1.0,0
483,0.0,0
484,1.0,1
485,0.0,0
486,1.0,1
487,1.0,1
488,0.0,0
489,1.0,1
490,0.0,0
491,1.0,1
492,0.0,0
493,1.0,1
494,1.0,1
495,0.0,0
496,1.0,1
497,1.0,0
498,1.0,0
499,0.0,0
500,1.0,1
501,0.0,0
502,1.0,1
503,1.0,1
504,1.0,1
505,1.0,1
506,1.0,1
507,1.0,1
508,0.0,0
509,0.0,0
510,0.0,0
511,0.0,0
512,0.0,0
513,1.0,0
514,0.0,1
515,1.0,1
516,0.0,0
517,1.0,0
518,1.0,0
519,0.0,0
520,1.0,1
521,1.0,0
522,0.0,1
523,0.0,0
524,0.0,0
525,1.0,0
526,1.0,0
527,0.0,0
528,0.0,0
529,0.0,1
530,1.0,0
531,0.0,0
532,1.0,1
533,0.0,0
534,0.0,0
535,1.0,0
536,0.0,0
537,0.0,0
538,0.0,1
539,1.0,1
540,0.0,0
541,1.0,1
542,1.0,1
543,1.0,0
544,0.0,1
545,1.0,1
546,0.0,0
547,0.0,0
548,1.0,1
549,0.0,1
550,1.0,0
551,1.0,1
552,0.0,0
553,1.0,1
554,1.0,1
555,0.0,0
556,1.0,1
557,1.0,1
558,1.0,1
559,0.0,0
560,0.0,0
561,0.0,1
562,1.0,1
563,1.0,1
564,1.0,1
565,0.0,0
566,1.0,1
567,0.0,0
568,0.0,0
569,1.0,1
570,0.0,0
571,0.0,0
572,1.0,1
573,0.0,1
574,0.0,0
575,0.0,1
576,0.0,0
577,0.0,0
578,1.0,1
579,1.0,1
580,0.0,0
581,0.0,0
582,0.0,0
583,0.0,0
584,0.0,0
585,0.0,1
586,1.0,0
587,0.0,0
588,0.0,0
589,0.0,0
590,0.0,0
591,0.0,0
592,1.0,1
593,1.0,1
594,1.0,1
595,0.0,1
596,0.0,1
597,0.0,0
598,1.0,1
599,0.0,0
600,0.0,0
601,1.0,1
602,0.0,0
603,1.0,1
604,1.0,1
605,0.0,0
606,0.0,0
607,1.0,1
608,1.0,1
609,0.0,0
610,1.0,0
611,1.0,1
612,0.0,0
613,0.0,0
614,0.0,0
615,0.0,0
616,1.0,1
617,1.0,1
618,1.0,0
619,0.0,0
620,0.0,1
621,0.0,0
622,0.0,0
623,1.0,1
624,1.0,1
625,1.0,1
626,1.0,1
627,1.0,1
628,1.0,1
629,0.0,1
630,0.0,0
631,1.0,1
632,0.0,0
633,0.0,0
634,0.0,0
635,1.0,1
636,1.0,0
637,0.0,1
638,1.0,0
639,0.0,0
640,1.0,1
641,0.0,0
642,1.0,0
643,0.0,0
644,0.0,1
645,0.0,0
646,0.0,0
647,0.0,1
648,0.0,0
649,0.0,0
650,1.0,1
651,1.0,1
652,1.0,1
653,1.0,0
654,0.0,1
655,1.0,1
656,1.0,1
657,0.0,0
658,1.0,1
659,0.0,0
660,0.0,1
661,1.0,1
662,0.0,1
663,0.0,0
664,1.0,0
665,0.0,0
666,0.0,0
667,0.0,0
668,0.0,0
669,0.0,0
670,0.0,0
671,0.0,0
672,1.0,1
673,1.0,1
674,1.0,1
675,0.0,1
676,0.0,0
677,0.0,1
678,0.0,0
679,0.0,0
680,1.0,1
681,0.0,0
682,0.0,1
683,1.0,0
684,0.0,0
685,1.0,0
686,1.0,1
687,1.0,1
688,0.0,0
689,1.0,1
690,0.0,0
691,0.0,0
692,0.0,0
693,1.0,0
694,0.0,1
695,0.0,1
696,1.0,1
697,1.0,1
698,0.0,0
699,0.0,1
700,0.0,0
701,1.0,1
702,0.0,0
703,1.0,1
704,0.0,0
705,1.0,0
706,1.0,1
707,1.0,1
708,0.0,0
709,0.0,0
710,0.0,0
711,0.0,0
712,1.0,1
713,1.0,1
714,1.0,1
715,0.0,0
716,0.0,1
717,0.0,0
718,0.0,0
719,1.0,1
720,0.0,0
721,0.0,1
722,0.0,0
723,0.0,0
724,0.0,0
725,0.0,0
726,1.0,1
727,0.0,0
728,1.0,1
729,0.0,0
730,1.0,1
731,0.0,1
732,0.0,0
733,0.0,0
734,0.0,0
735,1.0,1
736,0.0,1
737,0.0,0
738,1.0,1
739,0.0,0
740,0.0,0
741,0.0,0
742,0.0,1
743,1.0,1
744,0.0,1
745,1.0,1
746,1.0,1
747,1.0,1
748,0.0,1
749,0.0,0
750,0.0,1
751,1.0,0
752,0.0,0
753,1.0,1
754,1.0,1
755,1.0,0
756,0.0,0
757,1.0,0
758,1.0,1
759,1.0,1
760,0.0,0
761,0.0,0
762,1.0,1
763,1.0,1
764,0.0,0
765,1.0,1
766,0.0,1
767,1.0,1
768,0.0,0
769,0.0,0
770,0.0,0
771,0.0,0
772,0.0,0
773,0.0,0
774,0.0,0
775,1.0,1
776,0.0,0
777,1.0,1
778,0.0,0
779,0.0,0
780,0.0,0
781,0.0,1
782,0.0,0
783,0.0,0
784,1.0,1
785,0.0,0
786,0.0,1
787,1.0,0
788,0.0,1
789,1.0,0
790,0.0,0
791,0.0,0
792,0.0,0
793,1.0,1
794,0.0,1
795,1.0,1
796,1.0,1
797,0.0,0
798,0.0,1
799,0.0,0
800,0.0,0
801,0.0,0
802,1.0,1
803,1.0,1
804,1.0,1
805,1.0,1
806,0.0,0
807,0.0,0
808,1.0,0
809,1.0,1
810,1.0,1
811,0.0,0
812,1.0,1
813,0.0,0
814,0.0,0
815,0.0,0
816,0.0,0
817,0.0,1
818,0.0,0
819,0.0,1
820,0.0,1
821,0.0,0
822,1.0,1
823,0.0,0
824,1.0,1
825,1.0,1
826,0.0,1
827,1.0,1
828,0.0,0
829,0.0,0
830,1.0,0
831,0.0,0
832,0.0,0
833,0.0,0
834,1.0,1
835,1.0,1
836,1.0,1
837,0.0,0
838,1.0,1
839,1.0,1
840,1.0,1
841,1.0,1
842,0.0,0
843,1.0,1
844,0.0,0
845,0.0,0
846,1.0,0
847,0.0,0
848,0.0,0
849,0.0,0
850,0.0,1
851,1.0,0
852,1.0,0
853,1.0,1
854,0.0,1
855,1.0,1
856,1.0,1
857,1.0,1
858,1.0,1
859,0.0,0
860,0.0,0
861,0.0,0
862,1.0,1
863,1.0,1
864,1.0,1
865,1.0,1
866,1.0,0
867,0.0,0
868,0.0,0
869,1.0,1
870,0.0,0
871,0.0,0
872,1.0,0
873,1.0,1
874,0.0,1
875,1.0,1
876,0.0,0
877,0.0,0
878,0.0,0
879,1.0,1
880,0.0,0
881,1.0,1
882,0.0,0
883,0.0,1
884,0.0,0
885,1.0,1
886,0.0,0
887,1.0,1
888,0.0,0
889,1.0,1
890,0.0,0
891,1.0,0
892,1.0,0
893,0.0,0
894,1.0,0
895,1.0,1
896,1.0,1
897,1.0,1
898,1.0,1
899,0.0,0
900,1.0,1
901,1.0,1
902,0.0,0
903,1.0,1
904,0.0,0
905,0.0,0
906,1.0,1
907,0.0,0
908,0.0,1
909,0.0,1
910,0.0,0
911,0.0,0
912,0.0,1
913,0.0,0
914,0.0,0
915,1.0,1
916,0.0,0
917,1.0,0
918,0.0,1
919,1.0,1
920,1.0,1
921,1.0,1
922,0.0,1
923,0.0,1
924,0.0,0
925,0.0,0
926,0.0,1
927,1.0,1
928,1.0,1
929,0.0,0
930,1.0,1
931,0.0,0
932,1.0,0
933,1.0,1
934,0.0,1
935,0.0,1
936,0.0,0
937,0.0,0
938,1.0,1
939,0.0,0
940,1.0,1
941,1.0,1
942,1.0,1
943,1.0,0
944,0.0,1
945,1.0,1
946,1.0,0
947,0.0,0
948,1.0,1
949,1.0,1
950,0.0,0
951,0.0,0
952,1.0,0
953,1.0,1
954,0.0,0
955,1.0,1
956,0.0,1
957,0.0,0
958,0.0,0
959,1.0,1
960,1.0,1
961,1.0,0
962,0.0,0
963,1.0,1
964,0.0,1
965,0.0,0
966,0.0,0
967,0.0,0
968,1.0,1
969,0.0,0
970,1.0,1
971,0.0,0
972,1.0,1
973,0.0,0
974,0.0,0
975,1.0,1
976,1.0,1
977,0.0,0
978,1.0,0
979,1.0,1
980,1.0,1
981,1.0,1
982,1.0,1
983,0.0,0
984,0.0,0
985,1.0,1
986,0.0,0
987,1.0,1
988,0.0,0
989,1.0,1
990,0.0,1
991,0.0,0
992,1.0,1
993,1.0,1
994,0.0,0
995,0.0,0
996,0.0,0
997,1.0,1
998,0.0,1
999,1.0,1
1000,1.0,1
1001,1.0,1
1002,1.0,1
1003,1.0,1
1004,0.0,0
1005,1.0,0
1006,0.0,0
1007,0.0,0
1008,1.0,1
1009,0.0,1
1010,1.0,1
1011,1.0,0
1012,1.0,1
1013,0.0,1
1014,1.0,1
1015,1.0,1
1016,1.0,0
1017,0.0,0
1018,0.0,0
1019,1.0,1
1020,1.0,1
1021,1.0,0
1022,0.0,0
1023,0.0,1
1024,1.0,1
1025,0.0,0
1026,0.0,0
1027,0.0,0
1028,0.0,0
1029,0.0,0
1030,1.0,0
1031,1.0,1
1032,1.0,1
1033,1.0,0
1034,0.0,0
1035,1.0,1
1036,0.0,0
1037,1.0,1
1038,1.0,1
1039,1.0,1
1040,1.0,0
1041,0.0,0
1042,0.0,1
1043,1.0,1
1044,0.0,0
1045,1.0,1
1046,1.0,1
1047,1.0,1
1048,1.0,0
1049,1.0,1
1050,0.0,0
1051,1.0,1
1052,0.0,0
1053,1.0,1
1054,0.0,0
1055,0.0,0
1056,1.0,1
1057,0.0,0
1058,0.0,0
1059,0.0,0
1060,0.0,0
1061,1.0,1
1062,1.0,1
1063,0.0,0
1064,0.0,0
1065,1.0,1
1066,0.0,1
1067,1.0,1
1068,1.0,1
1069,1.0,1
1070,0.0,1
1071,1.0,0
1072,0.0,0
1073,0.0,1
1074,1.0,0
1075,0.0,0
1076,1.0,1
1077,1.0,1
1078,0.0,1
1079,0.0,0
1080,1.0,1
1081,0.0,0
1082,0.0,1
1083,0.0,0
1084,0.0,0
1085,1.0,1
1086,1.0,1
1087,1.0,1
1088,0.0,0
1089,0.0,0
1090,0.0,1
1091,0.0,0
1092,1.0,1
1093,1.0,1
1094,1.0,0
1095,0.0,0
1096,0.0,0
1097,0.0,0
1098,1.0,1
1099,0.0,0
1100,1.0,1
1101,1.0,1
1102,1.0,1
1103,0.0,0
1104,1.0,1
1105,0.0,0
1106,1.0,1
1107,1.0,1
1108,0.0,0
1109,0.0,1
1110,1.0,0
1111,0.0,0
1112,1.0,1
1113,0.0,0
1114,0.0,0
1115,1.0,1
1116,1.0,1
1117,1.0,1
1118,1.0,1
1119,1.0,1
1120,1.0,0
1121,1.0,0
1122,0.0,0
1123,0.0,0
1124,1.0,1
1125,0.0,0
1126,0.0,0
1127,1.0,0
1128,0.0,1
1129,1.0,1
1130,1.0,0
1131,0.0,1
1132,0.0,0
1133,0.0,0
1134,0.0,0
1135,0.0,0
1136,1.0,0
1137,0.0,0
1138,0.0,0
1139,1.0,1
1140,1.0,1
1141,1.0,1
1142,1.0,1
1143,1.0,0
1144,1.0,1
1145,1.0,1
1146,1.0,0
1147,1.0,1
1148,1.0,1
1149,1.0,0
1150,1.0,0
1151,1.0,0
1152,1.0,1
1153,1.0,1
1154,1.0,1
1155,1.0,1
1156,1.0,1
1157,0.0,0
1158,0.0,0
1159,1.0,1
1160,1.0,1
1161,1.0,1
1162,0.0,0
1163,0.0,0
1164,0.0,0
1165,1.0,0
1166,0.0,0
1167,1.0,0
1168,0.0,1
1169,0.0,1
1170,1.0,0
1171,1.0,1
1172,0.0,0
1173,0.0,0
1174,0.0,1
1175,0.0,0
1176,0.0,1
1177,1.0,0
1178,0.0,0
1179,0.0,0
1180,0.0,0
1181,0.0,0
1182,0.0,0
1183,1.0,0
1184,1.0,0
1185,1.0,0
1186,1.0,0
1187,0.0,0
1188,0.0,1
1189,1.0,0
1190,0.0,0
1191,0.0,0
1192,0.0,0
1193,1.0,0
1194,0.0,0
1195,1.0,0
1196,1.0,1
1197,0.0,0
1198,1.0,1
1199,0.0,0
1200,0.0,1
1201,0.0,1
1202,0.0,0
1203,1.0,1
1204,0.0,0
1205,0.0,1
1206,1.0,1
1207,0.0,0
1208,0.0,0
1209,0.0,0
1210,1.0,1
1211,1.0,0
1212,1.0,1
1213,0.0,0
1214,0.0,0
1215,0.0,1
1216,0.0,1
1217,0.0,0
1218,0.0,1
1219,0.0,1
1220,1.0,1
1221,0.0,0
1222,0.0,0
1223,1.0,1
1224,0.0,1
1225,0.0,0
1226,1.0,1
1227,0.0,0
1228,0.0,1
1229,0.0,0
1230,0.0,1
1231,0.0,0
1232,0.0,0
1233,0.0,1
1234,0.0,1
1235,0.0,1
1236,1.0,1
1237,0.0,1
1238,0.0,0
1239,1.0,1
1240,1.0,0
1241,0.0,1
1242,0.0,0
1243,0.0,1
1244,0.0,1
1245,0.0,1
1246,1.0,1
1247,0.0,0
1248,0.0,1
1249,0.0,1
1250,0.0,1
1251,0.0,1
1252,0.0,0
1253,0.0,0
1254,0.0,0
1255,0.0,0
1256,0.0,1
1257,1.0,1
1258,0.0,0
1259,0.0,0
1260,1.0,1
1261,0.0,0
1262,1.0,1
1263,1.0,1
1264,1.0,1
1265,0.0,0
1266,0.0,0
1267,1.0,1
1268,1.0,1
1269,0.0,0
1270,1.0,1
1271,1.0,1
1272,0.0,1
1273,1.0,1
1274,1.0,1
1275,0.0,1
1276,0.0,0
1277,1.0,1
1278,1.0,1
1279,0.0,1
1280,1.0,1
1281,0.0,0
1282,1.0,1
1283,1.0,0
1284,0.0,0
1285,0.0,0
1286,1.0,1
1287,1.0,0
1288,0.0,0
1289,1.0,1
1290,1.0,1
1291,1.0,1
1292,0.0,0
1293,0.0,0
1294,0.0,0
1295,1.0,1
1296,0.0,0
1297,1.0,1
1298,1.0,1
1299,0.0,0
1300,0.0,0
1301,1.0,0
1302,0.0,0
1303,1.0,1
1304,1.0,1
1305,0.0,0
1306,0.0,0
1307,0.0,1
1308,1.0,1
1309,1.0,1
1310,1.0,1
1311,0.0,0
1312,1.0,0
1313,1.0,1
1314,1.0,0
1315,1.0,1
1316,0.0,1
1317,1.0,1
1318,1.0,0
1319,0.0,0
1320,1.0,0
1321,1.0,1
1322,1.0,1
1323,0.0,0
1324,0.0,0
1325,1.0,1
1326,0.0,1
1327,1.0,1
1328,0.0,0
1329,1.0,1
1330,1.0,0
1331,1.0,1
1332,1.0,1
1333,1.0,1
1334,1.0,1
1335,1.0,1
1336,0.0,0
1337,0.0,0
1338,0.0,0
1339,1.0,1
1340,1.0,1
1341,0.0,0
1342,0.0,1
1343,0.0,0
1344,0.0,0
1345,0.0,1
1346,1.0,1
1347,0.0,0
1348,0.0,0
1349,1.0,1
1350,1.0,1
1351,0.0,0
1352,1.0,0
1353,0.0,0
1354,0.0,1
1355,0.0,0
1356,0.0,0
1357,0.0,0
1358,1.0,1
1359,0.0,1
1360,1.0,1
1361,1.0,0
1362,0.0,0
1363,0.0,0
1364,0.0,0
1365,1.0,1
1366,0.0,0
1367,1.0,1
1368,1.0,0
1369,0.0,0
1370,0.0,0
1371,0.0,0
1372,0.0,0
1373,1.0,1
1374,0.0,1
1375,0.0,0
1376,1.0,1
1377,1.0,1
1378,0.0,1
1379,1.0,1
1380,0.0,0
1381,1.0,1
1382,1.0,1
1383,1.0,1
1384,0.0,1
1385,1.0,1
1386,0.0,0
1387,1.0,0
1388,0.0,0
1389,1.0,1
1390,1.0,1
1391,1.0,0
1392,0.0,0
1393,0.0,1
1394,0.0,0
1395,1.0,1
1396,1.0,1
1397,0.0,0
1398,0.0,0
1399,0.0,0
1400,0.0,0
1401,0.0,0
1402,0.0,0
1403,0.0,0
1404,0.0,0
1405,0.0,0
1406,1.0,1
1407,0.0,1
1408,0.0,0
1409,1.0,0
1410,1.0,1
1411,1.0,1
1412,0.0,1
1413,1.0,0
1414,0.0,0
1415,1.0,1
1416,1.0,1
1417,1.0,1
1418,1.0,1
1419,0.0,0
1420,0.0,0
1421,0.0,0
1422,1.0,1
1423,0.0,0
1424,1.0,1
1425,1.0,1
1426,1.0,1
1427,0.0,0
1428,0.0,0
1429,1.0,1
1430,1.0,0
1431,1.0,1
1432,0.0,0
1433,0.0,1
1434,0.0,0
1435,1.0,1
1436,0.0,0
1437,0.0,1
1438,0.0,0
1439,1.0,0
1440,0.0,0
1441,0.0,0
1442,0.0,0
1443,1.0,0
1444,0.0,0
1445,0.0,0
1446,0.0,0
1447,1.0,1
1448,1.0,0
1449,1.0,1
1450,0.0,1
1451,0.0,1
1452,1.0,1
1453,0.0,0
1454,0.0,1
1455,1.0,1
1456,0.0,1
1457,0.0,0
1458,0.0,0
1459,1.0,1
1460,1.0,1
1461,1.0,1
1462,0.0,0
1463,0.0,0
1464,0.0,0
1465,0.0,1
1466,0.0,0
1467,0.0,0
1468,0.0,1
1469,0.0,1
1470,0.0,1
1471,1.0,1
1472,0.0,0
1473,1.0,1
1474,0.0,0
1475,1.0,1
1476,1.0,1
1477,0.0,0
1478,1.0,1
1479,0.0,0
1480,1.0,1
1481,0.0,1
1482,1.0,1
1483,1.0,1
1484,0.0,0
1485,1.0,1
1486,0.0,0
1487,1.0,1
1488,1.0,1
1489,0.0,1
1490,0.0,0
1491,0.0,1
1492,0.0,0
1493,0.0,0
1494,1.0,0
1495,0.0,0
1496,0.0,0
1497,0.0,0
1498,1.0,1
1499,0.0,0
1500,1.0,1
1501,0.0,0
1502,1.0,0
1503,0.0,0
1504,1.0,1
1505,1.0,1
1506,1.0,0
1507,1.0,0
1508,0.0,0
1509,0.0,0
1510,1.0,1
1511,0.0,1
1512,1.0,1
1513,1.0,1
1514,1.0,0
1515,1.0,1
1516,1.0,1
1517,1.0,0
1518,1.0,1
1519,1.0,1
1520,0.0,1
1521,0.0,0
1522,0.0,0
1523,1.0,1
1524,0.0,0
1525,0.0,0
1526,1.0,1
1527,1.0,1
1528,0.0,0
1529,1.0,1
1530,1.0,1
1531,1.0,1
1532,0.0,0
1533,0.0,0
1534,0.0,0
1535,1.0,0
1536,1.0,0
1537,1.0,1
1538,1.0,0
1539,1.0,1
1540,0.0,0
1541,1.0,0
1542,1.0,1
1543,0.0,1
1544,0.0,0
1545,0.0,1
1546,0.0,0
1547,1.0,1
1548,0.0,1
1549,0.0,0
1550,1.0,1
1551,0.0,0
1552,1.0,1
1553,1.0,0
1554,1.0,1
1555,1.0,1
1556,1.0,1
1557,0.0,0
1558,1.0,1
1559,1.0,1
1560,0.0,0
1561,0.0,1
1562,1.0,1
1563,0.0,0
1564,1.0,1
1565,0.0,0
1566,1.0,1
1567,1.0,1
1568,0.0,0
1569,0.0,0
1570,1.0,1
1571,0.0,1
1572,1.0,1
1573,1.0,1
1574,1.0,1
1575,1.0,1
1576,1.0,1
1577,1.0,0
1578,0.0,0
1579,0.0,0
1580,0.0,0
1581,0.0,0
1582,0.0,1
1583,1.0,0
1584,1.0,1
1585,0.0,0
1586,0.0,0
1587,0.0,1
1588,1.0,1
1589,1.0,1
1590,1.0,0
1591,0.0,0
1592,1.0,1
1593,0.0,0
1594,0.0,1
1595,1.0,1
1596,1.0,0
1597,0.0,0
1598,1.0,1
1599,1.0,1
1600,1.0,1
1601,1.0,0
1602,1.0,1
1603,0.0,0
1604,1.0,1
1605,0.0,0
1606,1.0,1
1607,0.0,0
1608,1.0,1
1609,0.0,1
1610,0.0,0
1611,1.0,0
1612,1.0,1
1613,1.0,1
1614,0.0,0
1615,1.0,1
1616,1.0,1
1617,1.0,1
1618,0.0,0
1619,1.0,1
1620,1.0,1
1621,0.0,0
1622,1.0,1
1623,0.0,0
1624,1.0,1
1625,1.0,0
1626,1.0,1
1627,1.0,1
1628,1.0,0
1629,0.0,0
1630,1.0,1
1631,0.0,1
1632,1.0,1
1633,1.0,1
1634,0.0,0
1635,0.0,0
1636,1.0,0
1637,1.0,0
1638,0.0,0
1639,1.0,1
1640,1.0,1
1641,1.0,0
1642,0.0,0
1643,1.0,0
1644,0.0,0
1645,1.0,1
1646,0.0,1
1647,0.0,1
1648,1.0,1
1649,1.0,0
1650,0.0,0
1651,1.0,1
1652,0.0,0
1653,0.0,1
1654,1.0,0
1655,1.0,1
1656,0.0,1
1657,1.0,1
1658,0.0,0
1659,0.0,1
1660,0.0,1
1661,0.0,1
1662,1.0,1
1663,1.0,1
1664,1.0,1
1665,1.0,1
1666,1.0,1
1667,1.0,1
1668,0.0,0
1669,1.0,1
1670,0.0,0
1671,1.0,0
1672,1.0,1
1673,1.0,1
1674,1.0,1
1675,0.0,0
1676,0.0,0
1677,1.0,0
1678,1.0,1
1679,0.0,0
1680,1.0,0
1681,0.0,0
1682,0.0,0
1683,1.0,1
1684,0.0,0
1685,0.0,0
1686,1.0,1
1687,1.0,1
1688,0.0,0
1689,1.0,0
1690,0.0,0
1691,1.0,1
1692,0.0,1
1693,1.0,0
1694,0.0,0
1695,0.0,0
1696,1.0,1
1697,1.0,1
1698,0.0,0
1699,1.0,1
1700,0.0,0
1701,1.0,1
1702,0.0,0
1703,0.0,0
1704,1.0,1
1705,0.0,0
1706,1.0,1
1707,0.0,0
1708,1.0,0
1709,1.0,1
1710,1.0,0
1711,0.0,0
1712,0.0,1
1713,0.0,0
1714,1.0,1
1715,0.0,0
1716,0.0,0
1717,1.0,1
1718,0.0,0
1719,0.0,0
1720,1.0,1
1721,1.0,1
1722,1.0,1
1723,0.0,0
1724,0.0,0
1725,1.0,1
1726,1.0,1
1727,0.0,0
1728,0.0,0
1729,1.0,1
1730,0.0,0
1731,0.0,1
1732,1.0,1
1733,0.0,0
1734,0.0,1
1735,1.0,1
1736,1.0,1
1737,0.0,1
1738,0.0,0
1739,0.0,0
1740,0.0,0
1741,0.0,0
1742,0.0,0
1743,0.0,0
1744,1.0,1
1745,0.0,0
1746,1.0,1
1747,0.0,1
1748,1.0,0
1749,0.0,0
1750,0.0,0
1751,1.0,1
1752,1.0,1
1753,1.0,1
1754,1.0,1
1755,1.0,1
1756,0.0,1
1757,0.0,0
1758,0.0,0
1759,1.0,1
1760,1.0,1
1761,1.0,0
1762,0.0,0
1763,0.0,0
1764,0.0,0
1765,1.0,1
1766,1.0,1
1767,1.0,1
1768,0.0,0
1769,0.0,0
1770,1.0,1
1771,0.0,1
1772,0.0,0
1773,0.0,1
1774,0.0,1
1775,0.0,1
1776,0.0,0
1777,0.0,1
1778,0.0,1
1779,0.0,0
1780,0.0,0
1781,0.0,0
1782,0.0,0
1783,1.0,1
1784,0.0,1
1785,1.0,1
1786,0.0,0
1787,0.0,0
1788,0.0,0
1789,0.0,0
1790,0.0,0
1791,0.0,0
1792,0.0,1
1793,1.0,1
1794,0.0,1
1795,0.0,0
1796,0.0,0
1797,1.0,0
1798,0.0,1
1799,0.0,0
1800,1.0,1
1801,0.0,1
1802,0.0,0
1803,0.0,0
1804,0.0,0
1805,1.0,1
1806,0.0,0
1807,0.0,1
1808,0.0,0
1809,1.0,1
1810,0.0,0
1811,1.0,1
1812,1.0,1
1813,0.0,0
1814,1.0,1
1815,1.0,1
1816,1.0,0
1817,0.0,0
1818,1.0,1
1819,1.0,1
1820,0.0,0
1821,0.0,0
1822,1.0,0
1823,0.0,0
1824,1.0,0
1825,1.0,1
1826,0.0,0
1827,0.0,0
1828,0.0,0
1829,1.0,1
1830,0.0,1
1831,0.0,0
1832,1.0,1
1833,0.0,0
1834,1.0,1
1835,1.0,1
1836,0.0,0
1837,0.0,0
1838,1.0,0
1839,0.0,1
1840,0.0,1
1841,0.0,0
1842,0.0,1
1843,1.0,1
1844,0.0,0
1845,0.0,0
1846,0.0,0
1847,0.0,0
1848,1.0,0
1849,0.0,0
1850,0.0,0
1851,0.0,0
1852,0.0,0
1853,0.0,1
1854,1.0,1
1855,1.0,0
1856,1.0,1
1857,1.0,0
1858,1.0,0
1859,1.0,0
1860,0.0,0
1861,1.0,0
1862,1.0,1
1863,0.0,0
1864,0.0,0
1865,0.0,0
1866,1.0,1
1867,1.0,1
1868,0.0,0
1869,0.0,0
1870,0.0,0
1871,1.0,1
1872,1.0,1
1873,1.0,1
1874,0.0,0
1875,0.0,1
1876,0.0,1
1877,0.0,0
1878,0.0,0
1879,0.0,0
1880,0.0,0
1881,0.0,0
1882,0.0,0
1883,0.0,0
1884,0.0,1
1885,0.0,1
1886,0.0,0
1887,0.0,1
1888,1.0,1
1889,1.0,0
1890,0.0,0
1891,1.0,1
1892,0.0,1
1893,1.0,1
1894,0.0,0
1895,0.0,0
1896,1.0,1
1897,1.0,1
1898,0.0,0
1899,1.0,1
1900,0.0,0
1901,1.0,1
1902,0.0,0
1903,1.0,0
1904,1.0,1
1905,1.0,1
1906,1.0,1
1907,1.0,1
1908,0.0,1
1909,1.0,1
1910,1.0,1
1911,1.0,0
1912,1.0,1
1913,0.0,0
1914,0.0,0
1915,0.0,0
1916,0.0,0
1917,1.0,1
1918,1.0,1
1919,0.0,0
1920,1.0,0
1921,1.0,0
1922,0.0,0
1923,0.0,1
1924,0.0,1
1925,0.0,0
1926,0.0,0
1927,1.0,1
1928,0.0,0
1929,1.0,1
1930,0.0,1
1931,0.0,0
1932,0.0,0
1933,1.0,1
1934,1.0,0
1935,0.0,0
1936,0.0,0
1937,0.0,0
1938,1.0,1
1939,0.0,0
1940,0.0,1
1941,0.0,0
1942,0.0,0
1943,1.0,1
1944,1.0,1
1945,1.0,1
1946,1.0,1
1947,0.0,0
1948,1.0,1
1949,1.0,0
1950,1.0,1
1951,0.0,1
1952,0.0,1
1953,1.0,1
1954,1.0,0
1955,1.0,0
1956,1.0,1
1957,0.0,0
1958,1.0,1
1959,1.0,1
1960,0.0,1
1961,1.0,1
1962,1.0,1
1963,1.0,1
1964,0.0,0
1965,0.0,0
1966,0.0,0
1967,1.0,1
1968,1.0,1
1969,0.0,0
1970,0.0,0
1971,1.0,1
1972,1.0,1
1973,0.0,0
1974,0.0,1
1975,0.0,1
1976,0.0,0
1977,0.0,1
1978,0.0,0
1979,0.0,0
1980,0.0,0
1981,0.0,0
1982,1.0,1
1983,0.0,0
1984,0.0,0
1985,0.0,1
1986,1.0,1
1987,1.0,1
1988,1.0,1
1989,1.0,1
1990,0.0,0
1991,0.0,0
1992,0.0,0
1993,0.0,0
1994,0.0,1
1995,0.0,1
1996,1.0,1
1997,0.0,0
1998,1.0,1
1999,1.0,1
2000,0.0,0
2001,0.0,1
2002,1.0,1
2003,1.0,1
2004,1.0,1
2005,1.0,1
2006,1.0,1
2007,1.0,1
2008,1.0,1
2009,1.0,1
2010,0.0,0
2011,1.0,1
2012,1.0,1
2013,0.0,1
2014,0.0,0
2015,0.0,0
2016,1.0,0
2017,1.0,1
2018,0.0,0
2019,0.0,0
2020,0.0,0
2021,0.0,0
2022,1.0,1
2023,0.0,1
2024,0.0,0
2025,1.0,1
2026,0.0,0
2027,1.0,1
2028,1.0,1
2029,1.0,1
2030,0.0,0
2031,1.0,1
2032,0.0,0
2033,1.0,1
2034,1.0,1
2035,0.0,0
2036,1.0,1
2037,1.0,1
2038,0.0,0
2039,1.0,1
2040,1.0,1
2041,0.0,0
2042,1.0,1
2043,0.0,1
2044,1.0,1
2045,0.0,0
2046,0.0,0
2047,0.0,0
2048,0.0,0
2049,0.0,0
2050,1.0,1
2051,1.0,1
2052,1.0,0
2053,0.0,0
2054,1.0,1
2055,1.0,1
2056,0.0,0
2057,1.0,1
2058,1.0,1
2059,0.0,0
2060,1.0,0
2061,1.0,1
2062,1.0,0
2063,0.0,0
2064,0.0,0
2065,1.0,1
2066,1.0,0
2067,0.0,0
2068,0.0,1
2069,0.0,0
2070,1.0,0
2071,0.0,0
2072,1.0,0
2073,0.0,0
2074,1.0,0
2075,1.0,0
2076,1.0,1
2077,0.0,0
2078,0.0,0
2079,1.0,1
2080,1.0,1
2081,0.0,0
2082,1.0,0
2083,1.0,0
2084,1.0,0
2085,1.0,0
2086,0.0,0
2087,0.0,0
2088,1.0,1
2089,1.0,0
2090,1.0,1
2091,1.0,1
2092,1.0,0
2093,1.0,0
2094,0.0,0
2095,0.0,0
2096,1.0,1
2097,0.0,0
2098,1.0,0
2099,0.0,0
2100,0.0,0
2101,0.0,1
2102,0.0,1
2103,0.0,1
2104,0.0,0
2105,1.0,1
2106,1.0,0
2107,1.0,1
2108,0.0,0
2109,1.0,1
2110,0.0,0
2111,0.0,0
2112,0.0,0
2113,0.0,0
2114,0.0,1
2115,1.0,0
2116,1.0,0
2117,0.0,0
2118,0.0,1
2119,1.0,1
2120,1.0,1
2121,0.0,1
2122,1.0,1
2123,0.0,0
2124,1.0,1
2125,0.0,1
2126,0.0,0
2127,0.0,0
2128,0.0,0
2129,0.0,1
2130,1.0,0
2131,1.0,1
2132,0.0,0
2133,0.0,0
2134,1.0,0
2135,1.0,1
2136,0.0,0
2137,0.0,0
2138,0.0,1
2139,0.0,0
2140,1.0,1
2141,0.0,1
2142,1.0,1
2143,1.0,1
2144,0.0,1
2145,0.0,0
2146,1.0,1
2147,0.0,1
2148,0.0,0
2149,1.0,1
2150,1.0,1
2151,1.0,1
2152,0.0,0
2153,0.0,1
2154,1.0,1
2155,1.0,1
2156,0.0,1
2157,0.0,0
2158,1.0,1
2159,0.0,1
2160,0.0,0
2161,1.0,0
2162,0.0,1
2163,1.0,1
2164,1.0,1
2165,1.0,0
2166,0.0,1
2167,0.0,0
2168,0.0,0
2169,0.0,0
2170,1.0,1
2171,0.0,0
2172,1.0,1
2173,1.0,1
2174,0.0,0
2175,1.0,1
2176,0.0,0
2177,1.0,0
2178,1.0,1
2179,0.0,1
2180,1.0,1
2181,0.0,0
2182,0.0,0
2183,0.0,0
2184,0.0,1
2185,0.0,0
2186,0.0,0
2187,0.0,0
2188,1.0,1
2189,1.0,1
2190,1.0,1
2191,0.0,0
2192,1.0,0
2193,1.0,1
2194,1.0,1
2195,1.0,1
2196,1.0,1
2197,1.0,1
2198,0.0,0
2199,1.0,1
2200,1.0,1
2201,1.0,1
2202,1.0,1
2203,1.0,1
2204,0.0,0
2205,0.0,0
2206,1.0,1
2207,1.0,1
2208,0.0,0
2209,1.0,0
2210,0.0,0
2211,1.0,1
2212,1.0,1
2213,0.0,0
2214,0.0,0
2215,1.0,0
2216,0.0,0
2217,0.0,0
2218,0.0,1
2219,0.0,0
2220,0.0,1
2221,1.0,1
2222,0.0,0
2223,0.0,0
2224,0.0,0
2225,0.0,0
2226,1.0,0
2227,0.0,0
2228,1.0,1
2229,1.0,1
2230,1.0,1
2231,0.0,0
2232,1.0,1
2233,0.0,0
2234,0.0,1
2235,1.0,1
2236,1.0,0
2237,0.0,0
2238,1.0,0
2239,0.0,0
2240,0.0,0
2241,1.0,1
2242,1.0,1
2243,0.0,0
2244,0.0,0
2245,1.0,1
2246,0.0,0
2247,0.0,0
2248,0.0,0
2249,1.0,1
2250,0.0,0
2251,1.0,1
2252,0.0,0
2253,0.0,0
2254,0.0,0
2255,0.0,0
2256,1.0,1
2257,1.0,1
2258,1.0,1
2259,1.0,0
2260,0.0,0
2261,0.0,0
2262,1.0,1
2263,0.0,0
2264,0.0,1
2265,1.0,1
2266,0.0,1
2267,1.0,1
2268,0.0,1
2269,0.0,1
2270,1.0,1
2271,0.0,0
2272,0.0,0
2273,1.0,1
2274,0.0,1
2275,0.0,0
2276,1.0,1
2277,0.0,0
2278,0.0,0
2279,1.0,1
2280,1.0,1
2281,0.0,1
2282,0.0,0
2283,1.0,1
2284,0.0,0
2285,1.0,1
2286,1.0,1
2287,1.0,0
2288,1.0,1
2289,1.0,1
2290,0.0,0
2291,0.0,0
2292,0.0,0
2293,1.0,1
2294,1.0,1
2295,1.0,0
2296,1.0,1
2297,1.0,1
2298,1.0,1
2299,1.0,0
2300,1.0,1
2301,0.0,0
2302,0.0,0
2303,1.0,1
2304,1.0,0
2305,0.0,0
2306,1.0,1
2307,0.0,0
2308,1.0,0
2309,1.0,1
2310,0.0,0
2311,0.0,0
2312,0.0,0
2313,0.0,1
2314,0.0,1
2315,0.0,1
2316,1.0,1
2317,1.0,1
2318,0.0,0
2319,1.0,1
2320,0.0,1
2321,1.0,1
2322,0.0,1
2323,0.0,1
2324,1.0,1
2325,0.0,1
2326,0.0,0
2327,1.0,1
2328,0.0,0
2329,0.0,1
2330,1.0,1
2331,0.0,0
2332,0.0,0
2333,1.0,1
2334,1.0,1
2335,0.0,0
2336,1.0,1
2337,0.0,0
2338,1.0,1
2339,0.0,0
2340,0.0,0
2341,1.0,1
2342,0.0,0
2343,0.0,1
2344,0.0,1
2345,0.0,0
2346,0.0,0
2347,0.0,0
2348,1.0,1
2349,0.0,1
2350,1.0,0
2351,0.0,0
2352,1.0,1
2353,1.0,1
2354,0.0,0
2355,1.0,0
2356,1.0,1
2357,1.0,1
2358,0.0,1
2359,1.0,1
2360,0.0,0
2361,0.0,0
2362,1.0,1
2363,0.0,0
2364,1.0,1
2365,0.0,0
2366,0.0,0
2367,1.0,1
2368,1.0,1
2369,1.0,0
2370,0.0,1
2371,1.0,1
2372,0.0,0
2373,0.0,0
2374,0.0,0
2375,1.0,1
2376,1.0,1
2377,0.0,0
2378,1.0,1
2379,0.0,0
2380,0.0,0
2381,0.0,0
2382,1.0,1
2383,0.0,0
2384,1.0,1
2385,0.0,0
2386,1.0,1
2387,0.0,0
2388,1.0,1
2389,0.0,0
2390,1.0,1
2391,0.0,1
2392,1.0,1
2393,1.0,0
2394,0.0,0
2395,1.0,1
2396,0.0,0
2397,0.0,0
2398,1.0,1
2399,1.0,1
2400,1.0,0
2401,1.0,1
2402,1.0,0
2403,1.0,1
2404,0.0,1
2405,0.0,1
2406,1.0,1
2407,0.0,1
2408,0.0,0
2409,0.0,1
2410,0.0,1
2411,0.0,0
2412,1.0,1
2413,0.0,0
2414,1.0,1
2415,1.0,1
2416,1.0,1
2417,1.0,1
2418,1.0,1
2419,1.0,1
2420,1.0,1
2421,0.0,0
2422,1.0,1
2423,1.0,1
2424,0.0,0
2425,0.0,0
2426,0.0,0
2427,0.0,0
2428,1.0,1
2429,0.0,0
2430,1.0,0
2431,0.0,0
2432,0.0,0
2433,0.0,0
2434,1.0,1
2435,1.0,1
2436,0.0,0
2437,1.0,1
2438,1.0,1
2439,0.0,0
2440,1.0,1
2441,0.0,1
2442,0.0,1
2443,1.0,1
2444,1.0,1
2445,1.0,1
2446,1.0,1
2447,0.0,0
2448,1.0,0
2449,1.0,1
2450,0.0,0
2451,1.0,1
2452,0.0,0
2453,1.0,1
2454,0.0,0
2455,0.0,0
2456,1.0,1
2457,0.0,0
2458,1.0,1
2459,0.0,0
2460,0.0,0
2461,1.0,1
2462,0.0,0
2463,1.0,0
2464,0.0,0
2465,1.0,1
2466,1.0,1
2467,0.0,0
2468,0.0,1
2469,1.0,1
2470,0.0,0
2471,1.0,0
2472,0.0,0
2473,1.0,1
2474,0.0,0
2475,1.0,1
2476,1.0,0
2477,1.0,0
2478,0.0,0
2479,1.0,0
2480,1.0,0
2481,0.0,0
2482,0.0,0
2483,1.0,1
2484,1.0,1
2485,1.0,0
2486,0.0,1
2487,1.0,1
2488,0.0,0
2489,0.0,0
2490,0.0,0
2491,1.0,1
2492,1.0,1
2493,1.0,1
2494,0.0,0
2495,1.0,1
2496,1.0,1
2497,1.0,1
2498,1.0,1
2499,1.0,1
2500,1.0,0
2501,1.0,1
2502,1.0,0
2503,1.0,1
2504,1.0,0
2505,1.0,1
2506,1.0,0
2507,0.0,0
2508,1.0,1
2509,1.0,1
2510,1.0,0
2511,1.0,1
2512,1.0,0
2513,0.0,0
2514,1.0,1
2515,1.0,1
2516,0.0,0
2517,1.0,1
2518,1.0,1
2519,0.0,0
2520,1.0,0
2521,0.0,0
2522,0.0,0
2523,0.0,1
2524,0.0,0
2525,0.0,0
2526,0.0,0
2527,1.0,1
2528,1.0,1
2529,1.0,1
2530,0.0,1
2531,1.0,1
2532,0.0,0
2533,0.0,0
2534,0.0,0
2535,1.0,1
2536,0.0,0
2537,0.0,0
2538,0.0,1
2539,0.0,1
2540,0.0,0
2541,0.0,0
2542,0.0,0
2543,0.0,0
2544,0.0,1
2545,0.0,0
2546,0.0,0
2547,0.0,0
2548,1.0,1
2549,1.0,1
2550,1.0,1
2551,0.0,1
2552,0.0,1
2553,1.0,1
2554,1.0,1
2555,0.0,0
2556,0.0,0
2557,1.0,1
2558,0.0,0
2559,1.0,0
2560,1.0,0
2561,1.0,1
2562,0.0,0
2563,0.0,0
2564,0.0,0
2565,1.0,1
2566,1.0,1
2567,0.0,0
2568,0.0,0
2569,0.0,1
2570,1.0,1
2571,1.0,1
2572,1.0,1
2573,0.0,0
2574,0.0,0
2575,0.0,0
2576,0.0,0
2577,0.0,0
2578,0.0,0
2579,1.0,1
2580,1.0,1
2581,0.0,0
2582,0.0,0
2583,1.0,1
2584,1.0,1
2585,1.0,1
2586,0.0,0
2587,0.0,0
2588,1.0,1
2589,0.0,0
2590,0.0,0
2591,1.0,1
2592,0.0,1
2593,1.0,0
2594,0.0,0
2595,0.0,0
2596,0.0,0
2597,0.0,0
2598,0.0,0
2599,0.0,0
2600,1.0,0
2601,0.0,1
2602,0.0,1
2603,0.0,0
2604,0.0,0
2605,0.0,1
2606,1.0,1
2607,1.0,1
2608,0.0,0
2609,0.0,0
2610,0.0,0
2611,0.0,0
2612,0.0,1
2613,0.0,1
2614,0.0,0
2615,1.0,1
2616,0.0,0
2617,1.0,0
2618,1.0,1
2619,0.0,1
2620,1.0,0
2621,1.0,1
2622,1.0,1
2623,1.0,1
2624,0.0,0
2625,0.0,0
2626,1.0,1
2627,1.0,1
2628,1.0,1
2629,0.0,1
2630,0.0,0
2631,0.0,0
2632,0.0,0
2633,1.0,1
2634,0.0,0
2635,1.0,1
2636,1.0,1
2637,0.0,0
2638,1.0,1
2639,0.0,0
2640,1.0,1
2641,0.0,0
2642,0.0,0
2643,0.0,0
2644,1.0,0
2645,1.0,1
2646,1.0,1
2647,0.0,0
2648,0.0,0
2649,0.0,0
2650,1.0,0
2651,1.0,1
2652,1.0,1
2653,1.0,1
2654,1.0,1
2655,0.0,0
2656,0.0,0
2657,1.0,1
2658,1.0,1
2659,1.0,1
2660,1.0,1
2661,0.0,0
2662,0.0,0
2663,1.0,1
2664,1.0,1
2665,0.0,1
2666,1.0,1
2667,1.0,0
2668,1.0,1
2669,0.0,0
2670,1.0,1
2671,0.0,1
2672,0.0,0
2673,1.0,0
2674,1.0,1
2675,1.0,0
2676,1.0,1
2677,1.0,1
2678,1.0,1
2679,1.0,1
2680,1.0,1
2681,0.0,0
2682,1.0,0
2683,0.0,0
2684,1.0,1
2685,1.0,1
2686,1.0,0
2687,1.0,1
2688,0.0,0
2689,0.0,0
2690,0.0,0
2691,1.0,1
2692,1.0,1
2693,1.0,1
2694,0.0,0
2695,1.0,1
2696,1.0,0
2697,1.0,0
2698,1.0,1
2699,1.0,1
2700,1.0,1
2701,1.0,1
2702,0.0,0
2703,0.0,0
2704,1.0,1
2705,1.0,0
2706,0.0,0
2707,1.0,1
2708,1.0,1
2709,0.0,0
2710,0.0,0
2711,1.0,1
2712,1.0,1
2713,0.0,0
2714,0.0,0
2715,0.0,0
2716,1.0,0
2717,1.0,1
2718,1.0,0
2719,0.0,0
2720,0.0,0
2721,0.0,0
2722,1.0,1
2723,0.0,0
2724,0.0,0
2725,0.0,0
2726,0.0,0
2727,1.0,1
2728,1.0,0
2729,0.0,0
2730,1.0,1
2731,0.0,0
2732,0.0,0
2733,1.0,1
2734,0.0,0
2735,0.0,1
2736,0.0,1
2737,1.0,1
2738,0.0,0
2739,1.0,1
2740,0.0,0
2741,1.0,1
2742,0.0,0
2743,1.0,1
2744,0.0,0
2745,1.0,1
2746,1.0,1
2747,0.0,0
2748,1.0,1
2749,1.0,1
2750,1.0,1
2751,1.0,1
2752,1.0,0
2753,1.0,1
2754,0.0,0
2755,1.0,1
2756,1.0,0
2757,1.0,0
2758,1.0,1
2759,1.0,1
2760,1.0,1
2761,1.0,0
2762,1.0,1
2763,1.0,0
2764,1.0,1
2765,1.0,1
2766,0.0,0
2767,1.0,1
2768,1.0,0
2769,1.0,1
2770,1.0,0
2771,0.0,0
2772,1.0,0
2773,1.0,1
2774,0.0,0
2775,0.0,0
2776,0.0,0
2777,1.0,0
2778,0.0,0
2779,0.0,0
2780,0.0,1
2781,0.0,0
2782,1.0,1
2783,1.0,1
2784,1.0,1
2785,0.0,0
2786,0.0,0
2787,0.0,0
2788,1.0,1
2789,0.0,0
2790,1.0,1
2791,1.0,1
2792,0.0,1
2793,1.0,0
2794,0.0,1
2795,0.0,1
2796,0.0,1
2797,0.0,0
2798,0.0,0
2799,0.0,1
2800,1.0,0
2801,1.0,1
2802,1.0,1
2803,1.0,1
2804,1.0,1
2805,1.0,1
2806,0.0,1
2807,1.0,1
2808,0.0,0
2809,1.0,1
2810,1.0,1
2811,1.0,1
2812,1.0,1
2813,0.0,1
2814,0.0,0
2815,0.0,1
2816,0.0,0
2817,0.0,1
2818,1.0,0
2819,1.0,0
2820,1.0,1
2821,0.0,1
2822,0.0,1
2823,1.0,1
2824,0.0,1
2825,0.0,1
2826,1.0,1
2827,1.0,1
2828,0.0,0
2829,1.0,1
2830,0.0,1
2831,1.0,0
2832,1.0,1
2833,0.0,0
2834,1.0,1
2835,1.0,0
2836,1.0,0
2837,1.0,1
2838,0.0,0
2839,1.0,1
2840,1.0,1
2841,1.0,1
2842,1.0,1
2843,1.0,1
2844,1.0,0
2845,1.0,0
2846,1.0,1
2847,1.0,1
2848,1.0,1
2849,1.0,0
2850,0.0,0
2851,1.0,0
2852,0.0,0
2853,1.0,0
2854,1.0,1
2855,1.0,1
2856,0.0,0
2857,1.0,1
2858,1.0,0
2859,1.0,1
2860,1.0,1
2861,1.0,0
2862,1.0,1
2863,1.0,0
2864,1.0,0
2865,1.0,1
2866,1.0,0
2867,1.0,1
2868,1.0,1
2869,1.0,1
2870,1.0,1
2871,0.0,1
2872,1.0,0
2873,1.0,0
2874,1.0,1
2875,1.0,1
2876,1.0,1
2877,1.0,0
2878,1.0,0
2879,0.0,0
2880,0.0,0
2881,0.0,0
2882,1.0,1
2883,0.0,0
2884,1.0,1
2885,0.0,0
2886,1.0,1
2887,0.0,0
2888,1.0,1
2889,1.0,0
2890,1.0,0
2891,1.0,1
2892,1.0,0
2893,1.0,1
2894,1.0,0
2895,0.0,0
2896,1.0,0
2897,1.0,0
2898,1.0,1
2899,0.0,0
2900,0.0,0
2901,0.0,0
2902,0.0,0
2903,0.0,0
2904,1.0,1
2905,1.0,1
2906,0.0,0
2907,1.0,1
2908,1.0,1
2909,1.0,1
2910,1.0,1
2911,1.0,1
2912,1.0,0
2913,0.0,0
2914,0.0,0
2915,0.0,1
2916,0.0,0
2917,0.0,0
2918,0.0,0
2919,0.0,0
2920,1.0,1
2921,1.0,1
2922,0.0,0
2923,0.0,0
2924,0.0,0
2925,1.0,1
2926,0.0,0
2927,0.0,0
2928,0.0,1
2929,1.0,1
2930,1.0,1
2931,1.0,1
2932,0.0,0
2933,1.0,0
2934,1.0,1
2935,0.0,0
2936,1.0,1
2937,1.0,0
2938,0.0,0
2939,0.0,0
2940,1.0,1
2941,0.0,1
2942,1.0,1
2943,0.0,1
2944,0.0,0
2945,0.0,1
2946,0.0,0
2947,0.0,0
2948,0.0,0
2949,0.0,1
2950,0.0,1
2951,1.0,1
2952,0.0,0
2953,1.0,1
2954,1.0,0
2955,1.0,1
2956,0.0,0
2957,1.0,1
2958,1.0,1
2959,0.0,0
2960,0.0,0
2961,1.0,1
2962,0.0,1
2963,1.0,1
2964,0.0,0
2965,0.0,0
2966,0.0,0
2967,0.0,1
2968,1.0,0
2969,1.0,1
2970,1.0,1
2971,0.0,0
2972,1.0,1
2973,1.0,1
2974,1.0,0
2975,0.0,0
2976,0.0,0
2977,1.0,0
2978,0.0,1
2979,1.0,1
2980,0.0,0
2981,0.0,0
2982,1.0,1
2983,1.0,1
2984,1.0,1
2985,0.0,0
2986,1.0,1
2987,0.0,0
2988,0.0,0
2989,1.0,1
2990,0.0,0
2991,0.0,1
2992,1.0,0
2993,0.0,0
2994,0.0,0
2995,0.0,0
2996,1.0,1
2997,1.0,1
2998,1.0,1
2999,0.0,0
3000,0.0,1
3001,0.0,0
3002,1.0,1
3003,1.0,1
3004,1.0,1
3005,0.0,0
3006,0.0,0
3007,0.0,0
3008,1.0,1
3009,1.0,1
3010,1.0,0
3011,1.0,1
3012,0.0,0
3013,0.0,0
3014,0.0,0
3015,0.0,0
3016,1.0,1
3017,0.0,0
3018,1.0,1
3019,1.0,1
3020,1.0,1
3021,1.0,1
3022,1.0,1
3023,0.0,0
3024,1.0,0
3025,1.0,1
3026,1.0,0
3027,1.0,1
3028,0.0,0
3029,0.0,0
3030,1.0,0
3031,1.0,1
3032,1.0,0
3033,1.0,1
3034,1.0,1
3035,1.0,1
3036,1.0,0
3037,1.0,1
3038,1.0,1
3039,1.0,1
3040,1.0,1
3041,0.0,0
3042,0.0,0
3043,1.0,1
3044,0.0,0
3045,0.0,1
3046,1.0,1
3047,0.0,0
3048,1.0,1
3049,0.0,0
3050,1.0,1
3051,1.0,1
3052,0.0,0
3053,1.0,1
3054,0.0,0
3055,1.0,0
3056,1.0,1
3057,1.0,1
3058,1.0,1
3059,1.0,1
3060,0.0,0
3061,1.0,1
3062,1.0,1
3063,0.0,0
3064,1.0,1
3065,1.0,1
3066,0.0,1
3067,1.0,0
3068,1.0,0
3069,1.0,0
3070,1.0,0
3071,0.0,1
3072,0.0,0
3073,0.0,0
3074,0.0,0
3075,0.0,0
3076,1.0,0
3077,1.0,0
3078,1.0,1
3079,0.0,0
3080,0.0,0
3081,1.0,1
3082,0.0,0
3083,1.0,1
3084,0.0,0
3085,1.0,1
3086,0.0,0
3087,1.0,1
3088,1.0,1
3089,1.0,1
3090,1.0,1
3091,0.0,0
3092,0.0,0
3093,0.0,0
3094,1.0,1
3095,0.0,0
3096,0.0,0
3097,0.0,1
3098,0.0,1
3099,0.0,1
3100,0.0,1
3101,0.0,0
3102,0.0,1
3103,0.0,1
3104,0.0,0
3105,0.0,0
3106,0.0,0
3107,1.0,1
3108,0.0,1
3109,0.0,1
3110,1.0,0
3111,0.0,0
3112,0.0,1
3113,0.0,1
3114,1.0,1
3115,0.0,1
3116,0.0,0
3117,0.0,1
3118,0.0,1
3119,0.0,1
3120,1.0,1
3121,0.0,1
3122,0.0,1
3123,0.0,0
3124,1.0,1
3125,0.0,0
3126,1.0,1
3127,0.0,0
3128,1.0,1
3129,0.0,0
3130,1.0,1
3131,0.0,0
3132,1.0,0
3133,0.0,0
3134,1.0,1
3135,0.0,0
3136,1.0,1
3137,1.0,1
3138,0.0,0
3139,1.0,1
3140,1.0,1
3141,1.0,1
3142,0.0,0
3143,0.0,0
3144,0.0,0
3145,0.0,1
3146,1.0,1
3147,0.0,0
3148,0.0,0
3149,1.0,1
3150,1.0,1
3151,0.0,0
3152,1.0,0
3153,0.0,0
3154,0.0,0
3155,1.0,1
3156,1.0,1
3157,1.0,1
3158,1.0,1
3159,0.0,0
3160,1.0,1
3161,1.0,1
3162,1.0,1
3163,1.0,1
3164,1.0,0
3165,0.0,0
3166,0.0,0
3167,0.0,0
3168,0.0,0
3169,1.0,1
3170,1.0,0
3171,1.0,1
3172,0.0,0
3173,0.0,0
3174,1.0,1
3175,0.0,1
3176,0.0,0
3177,1.0,0
3178,0.0,1
3179,1.0,1
3180,1.0,1
3181,0.0,0
3182,1.0,1
3183,1.0,1
3184,1.0,0
3185,0.0,0
3186,1.0,1
3187,1.0,1
3188,0.0,0
3189,0.0,0
3190,1.0,0
3191,1.0,1
3192,1.0,0
3193,0.0,0
3194,1.0,1
3195,1.0,1
3196,1.0,1
3197,1.0,1
3198,1.0,1
3199,0.0,1
3200,0.0,0
3201,0.0,0
3202,0.0,0
3203,0.0,0
3204,1.0,1
3205,0.0,0
3206,0.0,1
3207,1.0,1
3208,0.0,0
3209,1.0,0
3210,1.0,0
3211,0.0,0
3212,1.0,0
3213,0.0,0
3214,1.0,1
3215,0.0,0
3216,1.0,1
3217,1.0,1
3218,0.0,1
3219,1.0,0
3220,0.0,0
3221,1.0,0
3222,0.0,1
3223,1.0,0
3224,0.0,0
3225,0.0,0
3226,0.0,0
3227,1.0,1
3228,1.0,1
3229,1.0,1
3230,0.0,1
3231,1.0,1
3232,1.0,1
3233,1.0,1
3234,1.0,1
3235,0.0,0
3236,0.0,0
3237,0.0,1
3238,0.0,1
3239,1.0,0
3240,0.0,1
3241,1.0,1
3242,0.0,0
3243,1.0,1
3244,1.0,1
3245,0.0,0
3246,1.0,1
3247,1.0,1
3248,1.0,1
3249,1.0,1
3250,1.0,1
3251,0.0,0
3252,0.0,0
3253,0.0,0
3254,1.0,1
3255,0.0,0
3256,1.0,1
3257,0.0,0
3258,0.0,1
3259,0.0,1
3260,0.0,0
3261,0.0,0
3262,0.0,1
3263,0.0,0
3264,1.0,1
3265,1.0,0
3266,1.0,0
3267,1.0,1
3268,0.0,0
3269,0.0,1
3270,0.0,1
3271,0.0,1
3272,0.0,0
3273,1.0,1
3274,1.0,1
3275,0.0,1
3276,1.0,1
3277,0.0,0
3278,0.0,0
3279,0.0,0
3280,0.0,0
3281,1.0,1
3282,1.0,1
3283,1.0,1
3284,0.0,0
3285,1.0,1
3286,1.0,0
3287,0.0,0
3288,0.0,1
3289,1.0,1
3290,1.0,1
3291,0.0,0
3292,0.0,0
3293,1.0,1
3294,0.0,0
3295,0.0,0
3296,0.0,0
3297,0.0,0
3298,1.0,1
3299,0.0,0
3300,1.0,0
3301,1.0,1
3302,0.0,0
3303,0.0,0
3304,0.0,0
3305,1.0,1
3306,1.0,1
3307,0.0,0
3308,1.0,1
3309,0.0,0
3310,1.0,1
3311,0.0,0
3312,1.0,1
3313,1.0,1
3314,1.0,1
3315,1.0,1
3316,1.0,1
3317,1.0,1
3318,0.0,0
3319,0.0,0
3320,0.0,0
3321,0.0,0
3322,0.0,0
3323,1.0,1
3324,0.0,0
3325,0.0,0
3326,0.0,0
3327,1.0,1
3328,1.0,1
3329,0.0,0
3330,1.0,1
3331,0.0,0
3332,1.0,0
3333,0.0,0
3334,0.0,0
3335,1.0,1
3336,1.0,1
3337,0.0,0
3338,0.0,0
3339,0.0,0
3340,1.0,1
3341,0.0,0
3342,1.0,1
3343,0.0,0
3344,1.0,1
3345,1.0,1
3346,1.0,1
3347,1.0,1
3348,1.0,1
3349,0.0,0
3350,0.0,0
3351,0.0,0
3352,1.0,0
3353,0.0,0
3354,1.0,1
3355,1.0,0
3356,1.0,1
3357,0.0,0
3358,1.0,1
3359,0.0,0
3360,0.0,0
3361,1.0,1
3362,0.0,0
3363,1.0,1
3364,1.0,1
3365,1.0,1
3366,1.0,0
3367,0.0,0
3368,0.0,0
3369,1.0,1
3370,1.0,1
3371,1.0,0
3372,1.0,1
3373,1.0,1
3374,0.0,0
3375,0.0,1
3376,0.0,0
3377,1.0,1
3378,1.0,1
3379,1.0,1
3380,1.0,0
3381,0.0,0
3382,0.0,1
3383,1.0,0
3384,1.0,0
3385,1.0,1
3386,0.0,0
3387,1.0,1
3388,0.0,0
3389,0.0,0
3390,1.0,1
3391,0.0,0
3392,1.0,0
3393,0.0,0
3394,1.0,1
3395,0.0,1
3396,1.0,1
3397,1.0,0
3398,1.0,1
3399,1.0,1
3400,0.0,0
3401,1.0,0
3402,0.0,0
3403,0.0,0
3404,1.0,0
3405,1.0,1
3406,1.0,0
3407,1.0,1
3408,0.0,0
3409,0.0,1
3410,0.0,0
3411,0.0,0
3412,1.0,1
3413,0.0,0
3414,1.0,1
3415,0.0,0
3416,1.0,1
3417,0.0,0
3418,0.0,0
3419,1.0,1
3420,0.0,0
3421,0.0,0
3422,1.0,1
3423,1.0,1
3424,1.0,1
3425,1.0,1
3426,0.0,0
3427,0.0,0
3428,1.0,1
3429,1.0,1
3430,0.0,0
3431,1.0,1
3432,0.0,0
3433,0.0,0
3434,0.0,1
3435,1.0,1
3436,1.0,1
3437,1.0,1
3438,0.0,0
3439,0.0,0
3440,0.0,0
3441,0.0,0
3442,1.0,1
3443,1.0,1
3444,1.0,1
3445,1.0,1
3446,0.0,0
3447,0.0,0
3448,1.0,1
3449,0.0,0
3450,0.0,0
3451,1.0,1
3452,1.0,0
3453,0.0,0
3454,0.0,0
3455,1.0,1
3456,0.0,0
3457,0.0,0
3458,1.0,0
3459,1.0,1
3460,1.0,1
3461,0.0,0
3462,0.0,0
3463,0.0,0
3464,0.0,0
3465,0.0,0
3466,1.0,1
3467,1.0,1
3468,0.0,0
3469,0.0,0
3470,0.0,0
3471,1.0,1
3472,1.0,1
3473,0.0,1
3474,0.0,0
3475,0.0,0
3476,0.0,1
3477,0.0,1
3478,0.0,1
3479,0.0,0
3480,0.0,0
3481,0.0,1
3482,0.0,0
3483,0.0,0
3484,0.0,1
3485,1.0,0
3486,1.0,1
3487,0.0,0
3488,1.0,1
3489,0.0,0
3490,1.0,0
3491,1.0,1
3492,0.0,0
3493,0.0,1
3494,0.0,0
3495,0.0,0
3496,0.0,0
3497,0.0,0
3498,0.0,0
3499,1.0,1
3500,1.0,1
3501,0.0,0
3502,0.0,1
3503,0.0,1
3504,0.0,1
3505,1.0,0
3506,0.0,0
3507,0.0,1
3508,0.0,1
3509,0.0,1
3510,1.0,1
3511,1.0,1
3512,0.0,0
3513,1.0,1
3514,0.0,0
3515,1.0,1
3516,0.0,0
3517,0.0,0
3518,0.0,0
3519,1.0,1
3520,1.0,1
3521,0.0,0
3522,0.0,0
3523,0.0,0
3524,1.0,1
3525,1.0,1
3526,1.0,1
3527,0.0,0
3528,1.0,1
3529,1.0,1
3530,0.0,0
3531,1.0,1
3532,0.0,0
3533,1.0,1
3534,0.0,0
3535,0.0,0
3536,1.0,1
3537,1.0,1
3538,1.0,1
3539,0.0,0
3540,1.0,1
3541,0.0,0
3542,0.0,0
3543,0.0,0
3544,0.0,1
3545,0.0,0
3546,0.0,0
3547,1.0,1
3548,1.0,1
3549,1.0,1
3550,1.0,1
3551,0.0,0
3552,0.0,0
3553,1.0,1
3554,1.0,1
3555,0.0,1
3556,0.0,0
3557,1.0,1
3558,0.0,1
3559,1.0,0
3560,1.0,1
3561,1.0,1
3562,0.0,0
3563,0.0,0
3564,0.0,0
3565,0.0,0
3566,0.0,0
3567,0.0,0
3568,1.0,0
3569,0.0,0
3570,1.0,1
3571,0.0,1
3572,0.0,0
3573,0.0,0
3574,1.0,1
3575,0.0,0
3576,1.0,1
3577,0.0,0
3578,0.0,0
3579,0.0,0
3580,0.0,0
3581,1.0,0
3582,1.0,1
3583,1.0,1
3584,0.0,0
3585,0.0,0
3586,0.0,0
3587,0.0,0
3588,1.0,1
3589,0.0,1
3590,1.0,1
3591,0.0,0
3592,0.0,1
3593,1.0,1
3594,0.0,0
3595,0.0,0
3596,1.0,1
3597,0.0,0
3598,0.0,1
3599,0.0,0
3600,0.0,1
3601,0.0,1
3602,0.0,1
3603,1.0,1
3604,0.0,0
3605,0.0,0
3606,1.0,1
3607,0.0,0
3608,0.0,1
3609,0.0,0
3610,1.0,1
3611,1.0,1
3612,0.0,1
3613,0.0,1
3614,1.0,0
3615,0.0,0
3616,0.0,1
3617,0.0,0
3618,0.0,0
3619,0.0,0
3620,0.0,0
3621,0.0,0
3622,0.0,1
3623,0.0,0
3624,1.0,1
3625,1.0,1
3626,1.0,0
3627,1.0,1
3628,0.0,0
3629,0.0,0
3630,0.0,0
3631,0.0,0
3632,1.0,1
3633,1.0,1
3634,1.0,1
3635,1.0,1
3636,0.0,0
3637,1.0,1
3638,1.0,1
3639,1.0,0
3640,0.0,0
3641,0.0,0
3642,0.0,0
3643,0.0,0
3644,1.0,0
3645,0.0,0
3646,0.0,0
3647,1.0,0
3648,1.0,1
3649,0.0,0
3650,0.0,0
3651,1.0,1
3652,0.0,0
3653,1.0,1
3654,1.0,0
3655,0.0,0
3656,0.0,0
3657,0.0,0
3658,0.0,1
3659,0.0,0
3660,0.0,0
3661,0.0,1
3662,1.0,0
3663,0.0,0
3664,0.0,0
3665,1.0,1
3666,1.0,1
3667,0.0,1
3668,0.0,0
3669,1.0,1
3670,1.0,0
3671,0.0,1
3672,1.0,1
3673,0.0,0
3674,1.0,1
3675,0.0,0
3676,1.0,1
3677,0.0,0
3678,1.0,1
3679,1.0,1
3680,0.0,0
3681,0.0,0
3682,0.0,0
3683,1.0,1
3684,0.0,0
3685,0.0,0
3686,0.0,0
3687,0.0,1
3688,1.0,1
3689,0.0,0
3690,0.0,1
3691,0.0,0
3692,0.0,0
3693,0.0,0
3694,0.0,0
3695,0.0,0
3696,1.0,1
3697,0.0,0
3698,0.0,0
3699,1.0,1
3700,0.0,0
3701,1.0,1
3702,0.0,1
3703,0.0,1
3704,0.0,1
3705,0.0,0
3706,1.0,1
3707,0.0,1
3708,1.0,1
3709,1.0,1
3710,0.0,1
3711,0.0,0
3712,1.0,0
3713,0.0,1
3714,1.0,1
3715,1.0,1
3716,1.0,0
3717,1.0,1
3718,0.0,0
3719,1.0,0
3720,0.0,0
3721,1.0,1
3722,1.0,1
3723,0.0,0
3724,1.0,1
3725,1.0,1
3726,1.0,1
3727,1.0,0
3728,1.0,1
3729,1.0,1
3730,1.0,1
3731,1.0,1
3732,0.0,1
3733,1.0,1
3734,1.0,1
3735,1.0,1
3736,0.0,0
3737,0.0,0
3738,1.0,1
3739,0.0,0
3740,1.0,1
3741,1.0,0
3742,1.0,1
3743,1.0,1
3744,0.0,1
3745,1.0,1
3746,1.0,1
3747,1.0,1
3748,1.0,1
3749,0.0,0
3750,1.0,1
3751,1.0,1
3752,1.0,1
3753,0.0,0
3754,0.0,0
3755,1.0,1
3756,0.0,0
3757,0.0,0
3758,1.0,1
3759,1.0,1
3760,1.0,1
3761,1.0,1
3762,1.0,0
3763,1.0,1
3764,1.0,0
3765,1.0,1
3766,1.0,1
3767,1.0,0
3768,1.0,1
3769,0.0,0
3770,1.0,1
3771,0.0,0
3772,0.0,0
3773,0.0,0
3774,0.0,0
3775,1.0,1
3776,0.0,0
3777,0.0,0
3778,0.0,0
3779,1.0,0
3780,0.0,0
3781,0.0,1
3782,0.0,0
3783,1.0,1
3784,1.0,1
3785,0.0,0
3786,0.0,0
3787,1.0,1
3788,1.0,1
3789,1.0,1
3790,1.0,1
3791,1.0,1
3792,1.0,1
3793,0.0,0
3794,1.0,1
3795,1.0,1
3796,1.0,0
3797,0.0,0
3798,0.0,0
3799,1.0,1
3800,0.0,1
3801,1.0,0
3802,1.0,1
3803,1.0,1
3804,0.0,0
3805,0.0,0
3806,1.0,1
3807,0.0,0
3808,1.0,0
3809,0.0,0
3810,1.0,1
3811,0.0,0
3812,0.0,0
3813,1.0,1
3814,1.0,1
3815,1.0,1
3816,0.0,0
3817,0.0,0
3818,1.0,0
3819,1.0,1
3820,0.0,0
3821,0.0,1
3822,1.0,1
3823,0.0,0
3824,0.0,0
3825,0.0,0
3826,0.0,0
3827,0.0,0
3828,1.0,0
3829,1.0,0
3830,0.0,0
3831,0.0,0
3832,0.0,0
3833,0.0,1
3834,1.0,0
3835,1.0,0
3836,0.0,0
3837,0.0,0
3838,1.0,0
3839,1.0,0
3840,0.0,0
3841,1.0,1
3842,0.0,0
3843,0.0,0
3844,0.0,0
3845,1.0,1
3846,0.0,0
3847,0.0,0
3848,1.0,1
3849,0.0,0
3850,0.0,0
3851,0.0,0
3852,0.0,0
3853,1.0,1
3854,1.0,1
3855,0.0,0
3856,0.0,0
3857,0.0,0
3858,1.0,1
3859,0.0,0
3860,1.0,1
3861,0.0,0
3862,1.0,1
3863,1.0,1
3864,1.0,1
3865,0.0,0
3866,0.0,0
3867,0.0,1
3868,0.0,0
3869,0.0,1
3870,0.0,1
3871,0.0,1
3872,0.0,0
3873,0.0,0
3874,1.0,1
3875,1.0,1
3876,0.0,0
3877,0.0,0
3878,1.0,1
3879,0.0,0
3880,1.0,1
3881,1.0,1
3882,0.0,0
3883,0.0,0
3884,0.0,0
3885,0.0,1
3886,1.0,1
3887,0.0,0
3888,1.0,1
3889,0.0,0
3890,1.0,1
3891,1.0,1
3892,1.0,1
3893,0.0,1
3894,0.0,1
3895,0.0,1
3896,0.0,0
3897,1.0,1
3898,0.0,1
3899,0.0,0
3900,0.0,0
3901,1.0,1
3902,1.0,0
3903,0.0,0
3904,1.0,1
3905,1.0,1
3906,1.0,1
3907,0.0,1
3908,0.0,0
3909,1.0,1
3910,1.0,1
3911,0.0,0
3912,0.0,1
3913,0.0,1
3914,0.0,0
3915,1.0,1
3916,0.0,0
3917,1.0,1
3918,1.0,1
3919,1.0,1
3920,1.0,1
3921,1.0,0
3922,1.0,0
3923,0.0,0
3924,1.0,1
3925,0.0,0
3926,0.0,0
3927,1.0,0
3928,1.0,1
3929,0.0,0
3930,1.0,1
3931,1.0,0
3932,1.0,1
3933,1.0,1
3934,1.0,0
3935,0.0,0
3936,1.0,1
3937,1.0,0
3938,1.0,1
3939,1.0,1
3940,0.0,0
3941,0.0,1
3942,0.0,0
3943,1.0,1
3944,1.0,1
3945,1.0,1
3946,1.0,1
3947,1.0,1
3948,1.0,0
3949,0.0,0
3950,1.0,0
3951,0.0,0
3952,0.0,0
3953,1.0,1
3954,0.0,1
3955,1.0,0
3956,1.0,1
3957,1.0,1
3958,1.0,0
3959,1.0,1
3960,0.0,0
3961,1.0,1
3962,1.0,1
3963,0.0,0
3964,1.0,1
3965,0.0,0
3966,0.0,0
3967,1.0,1
3968,0.0,0
3969,0.0,0
3970,1.0,1
3971,0.0,1
3972,0.0,0
3973,1.0,1
3974,0.0,1
3975,0.0,0
3976,0.0,1
3977,0.0,0
3978,0.0,0
3979,1.0,1
3980,0.0,0
3981,1.0,1
3982,1.0,0
3983,0.0,0
3984,1.0,1
3985,0.0,1
3986,0.0,1
3987,0.0,0
3988,1.0,0
3989,1.0,1
3990,0.0,0
3991,1.0,1
3992,1.0,1
3993,0.0,0
3994,0.0,1
3995,0.0,0
3996,0.0,0
3997,1.0,1
3998,1.0,1
3999,1.0,0
4000,1.0,1
4001,0.0,1
4002,1.0,1
4003,1.0,1
4004,1.0,1
4005,0.0,1
4006,1.0,1
4007,0.0,0
4008,0.0,1
4009,0.0,0
4010,0.0,0
4011,0.0,0
4012,0.0,0
4013,0.0,0
4014,0.0,1
4015,0.0,0
4016,0.0,1
4017,1.0,0
4018,0.0,1
4019,1.0,1
4020,1.0,1
4021,0.0,0
4022,0.0,0
4023,0.0,0
4024,1.0,1
4025,0.0,0
4026,0.0,0
4027,1.0,1
4028,0.0,0
4029,1.0,1
4030,1.0,0
4031,0.0,0
4032,1.0,1
4033,0.0,0
4034,0.0,0
4035,1.0,1
4036,0.0,1
4037,1.0,1
4038,1.0,0
4039,1.0,1
4040,0.0,0
4041,0.0,0
4042,0.0,0
4043,1.0,1
4044,0.0,0
4045,0.0,0
4046,0.0,1
4047,1.0,1
4048,1.0,1
4049,0.0,0
4050,1.0,0
4051,1.0,1
4052,1.0,1
4053,0.0,0
4054,0.0,0
4055,0.0,1
4056,1.0,1
4057,1.0,1
4058,1.0,1
4059,1.0,0
4060,0.0,0
4061,1.0,1
4062,0.0,0
4063,1.0,1
4064,0.0,0
4065,0.0,0
4066,0.0,0
4067,0.0,1
4068,1.0,0
4069,0.0,0
4070,0.0,0
4071,1.0,1
4072,0.0,0
4073,0.0,0
4074,1.0,0
4075,0.0,1
4076,0.0,0
4077,1.0,1
4078,0.0,0
4079,0.0,0
4080,0.0,1
4081,0.0,0
4082,1.0,1
4083,0.0,0
4084,1.0,0
4085,1.0,1
4086,0.0,1
4087,0.0,0
4088,1.0,1
4089,1.0,1
4090,1.0,1
4091,0.0,1
4092,1.0,0
4093,0.0,0
4094,0.0,1
4095,0.0,0
4096,0.0,1
4097,1.0,1
4098,0.0,0
4099,1.0,1
4100,1.0,1
4101,0.0,0
4102,0.0,0
4103,0.0,0
4104,1.0,0
4105,1.0,1
4106,1.0,0
4107,0.0,0
4108,0.0,0
4109,1.0,0
4110,1.0,1
4111,0.0,0
4112,0.0,0
4113,0.0,0
4114,1.0,1
4115,1.0,1
4116,1.0,1
4117,0.0,1
4118,1.0,1
4119,0.0,0
4120,0.0,0
4121,1.0,1
4122,0.0,0
4123,0.0,0
4124,1.0,1
4125,0.0,0
4126,1.0,1
4127,1.0,1
4128,0.0,1
4129,0.0,1
4130,1.0,1
4131,0.0,0
4132,0.0,1
4133,1.0,1
4134,1.0,1
4135,0.0,0
4136,0.0,1
4137,0.0,1
4138,0.0,0
4139,0.0,0
4140,0.0,0
4141,0.0,1
4142,1.0,1
4143,0.0,1
4144,0.0,0
4145,1.0,0
4146,0.0,1
4147,1.0,1
4148,0.0,0
4149,0.0,0
4150,0.0,0
4151,0.0,0
4152,1.0,1
4153,1.0,1
4154,0.0,0
4155,0.0,0
4156,0.0,1
4157,1.0,1
4158,0.0,0
4159,0.0,1
4160,0.0,0
4161,0.0,0
4162,1.0,0
4163,1.0,0
4164,1.0,1
4165,0.0,0
4166,0.0,1
4167,0.0,1
4168,0.0,0
4169,1.0,1
4170,0.0,0
4171,0.0,0
4172,1.0,0
4173,0.0,0
4174,1.0,1
4175,0.0,1
4176,0.0,0
4177,1.0,0
4178,1.0,1
4179,1.0,0
4180,1.0,1
4181,1.0,1
4182,0.0,0
4183,0.0,1
4184,1.0,1
4185,0.0,1
4186,1.0,1
4187,0.0,1
4188,0.0,1
4189,0.0,1
4190,1.0,0
4191,0.0,0
4192,1.0,0
4193,0.0,0
4194,0.0,0
4195,0.0,0
4196,0.0,1
4197,1.0,0
4198,0.0,0
4199,0.0,1
4200,1.0,1
4201,0.0,0
4202,1.0,1
4203,1.0,1
4204,0.0,0
4205,1.0,1
4206,0.0,1
4207,0.0,0
4208,1.0,1
4209,0.0,0
4210,0.0,1
4211,0.0,0
4212,1.0,1
4213,0.0,0
4214,1.0,1
4215,0.0,0
4216,0.0,0
4217,0.0,0
4218,0.0,0
4219,0.0,0
4220,0.0,0
4221,1.0,1
4222,1.0,1
4223,1.0,1
4224,1.0,0
4225,1.0,1
4226,0.0,0
4227,0.0,0
4228,1.0,1
4229,0.0,1
4230,0.0,0
4231,1.0,1
4232,1.0,1
4233,0.0,1
4234,1.0,1
4235,0.0,1
4236,1.0,0
4237,1.0,0
4238,0.0,1
4239,0.0,0
4240,1.0,1
4241,0.0,0
4242,1.0,1
4243,1.0,1
4244,0.0,1
4245,0.0,0
4246,0.0,0
4247,0.0,0
4248,1.0,1
4249,0.0,0
4250,1.0,1
4251,1.0,1
4252,1.0,0
4253,1.0,0
4254,1.0,1
4255,1.0,1
4256,0.0,0
4257,0.0,1
4258,1.0,1
4259,0.0,0
4260,1.0,1
4261,1.0,1
4262,1.0,1
4263,1.0,0
4264,0.0,0
4265,0.0,0
4266,1.0,1
4267,0.0,0
4268,0.0,0
4269,0.0,0
4270,0.0,0
4271,0.0,0
4272,0.0,0
4273,1.0,1
4274,1.0,1
4275,1.0,1
4276,0.0,1
4277,0.0,1
4278,1.0,1
4279,1.0,1
4280,0.0,0
4281,0.0,0
4282,1.0,0
4283,0.0,0
4284,0.0,0
4285,0.0,0
4286,0.0,0
4287,0.0,0
4288,0.0,0
4289,0.0,0
4290,0.0,0
4291,0.0,0
4292,0.0,0
4293,1.0,1
4294,1.0,1
4295,1.0,1
4296,0.0,0
4297,0.0,1
4298,1.0,0
4299,0.0,0
4300,0.0,1
4301,1.0,1
4302,0.0,0
4303,1.0,1
4304,0.0,0
4305,1.0,0
4306,1.0,0
4307,0.0,0
4308,0.0,0
4309,1.0,1
4310,0.0,0
4311,0.0,1
4312,0.0,1
4313,0.0,0
4314,0.0,0
4315,0.0,0
4316,0.0,0
4317,1.0,1
4318,0.0,1
4319,0.0,1
4320,0.0,1
4321,1.0,1
4322,1.0,1
4323,1.0,1
4324,1.0,1
4325,0.0,1
4326,0.0,0
4327,0.0,0
4328,1.0,1
4329,1.0,0
4330,1.0,1
4331,0.0,0
4332,1.0,1
4333,1.0,1
4334,1.0,1
4335,1.0,1
4336,0.0,0
4337,0.0,0
4338,0.0,0
4339,0.0,1
4340,0.0,1
4341,1.0,1
4342,0.0,0
4343,1.0,1
4344,1.0,1
4345,0.0,1
4346,1.0,1
4347,0.0,0
4348,1.0,1
4349,1.0,1
4350,0.0,1
4351,1.0,1
4352,1.0,1
4353,0.0,1
4354,0.0,0
4355,0.0,0
4356,1.0,1
4357,0.0,0
4358,1.0,1
4359,0.0,0
4360,0.0,0
4361,0.0,0
4362,1.0,1
4363,0.0,0
4364,0.0,0
4365,0.0,0
4366,1.0,0
4367,0.0,1
4368,0.0,0
4369,1.0,1
4370,0.0,0
4371,1.0,0
4372,1.0,0
4373,0.0,0
4374,0.0,0
4375,1.0,1
4376,1.0,1
4377,1.0,1
4378,1.0,1
4379,0.0,1
4380,1.0,1
4381,0.0,0
4382,1.0,1
4383,0.0,1
4384,0.0,0
4385,1.0,0
4386,1.0,0
4387,1.0,1
4388,1.0,0
4389,1.0,0
4390,1.0,1
4391,0.0,0
4392,1.0,1
4393,1.0,1
4394,1.0,1
4395,1.0,1
4396,1.0,1
4397,0.0,0
4398,1.0,0
4399,0.0,1
4400,1.0,1
4401,0.0,0
4402,1.0,1
4403,1.0,0
4404,1.0,1
4405,0.0,0
4406,1.0,1
4407,0.0,0
4408,1.0,1
4409,0.0,1
4410,1.0,1
4411,0.0,0
4412,0.0,1
4413,0.0,0
4414,1.0,1
4415,1.0,1
4416,0.0,0
4417,0.0,0
4418,1.0,1
4419,0.0,0
4420,0.0,0
4421,0.0,0
4422,1.0,0
4423,1.0,1
4424,1.0,1
4425,1.0,1
4426,0.0,0
4427,1.0,1
4428,1.0,1
4429,1.0,1
4430,1.0,1
4431,0.0,1
4432,1.0,1
4433,1.0,1
4434,0.0,1
4435,0.0,0
4436,0.0,0
4437,0.0,1
4438,1.0,1
4439,0.0,0
4440,0.0,0
4441,1.0,1
4442,0.0,1
4443,1.0,0
4444,1.0,0
4445,1.0,1
4446,0.0,0
4447,0.0,0
4448,1.0,1
4449,0.0,0
4450,1.0,0
4451,0.0,1
4452,1.0,1
4453,1.0,0
4454,1.0,1
4455,1.0,1
4456,1.0,1
4457,1.0,0
4458,0.0,0
4459,0.0,0
4460,1.0,1
4461,0.0,0
4462,1.0,1
4463,0.0,0
4464,0.0,1
4465,1.0,0
4466,1.0,0
4467,1.0,0
4468,0.0,0
4469,1.0,1
4470,1.0,1
4471,0.0,0
4472,1.0,1
4473,0.0,0
4474,1.0,1
4475,1.0,1
4476,0.0,0
4477,0.0,0
4478,0.0,0
4479,0.0,1
4480,0.0,1
4481,1.0,0
4482,1.0,0
4483,0.0,1
4484,0.0,0
4485,1.0,1
4486,1.0,1
4487,0.0,0
4488,1.0,0
4489,1.0,0
4490,0.0,0
4491,0.0,0
4492,1.0,1
4493,0.0,0
4494,1.0,1
4495,1.0,1
4496,0.0,0
4497,0.0,0
4498,0.0,0
4499,0.0,0
4500,0.0,1
4501,0.0,0
4502,0.0,0
4503,0.0,0
4504,0.0,0
4505,1.0,1
4506,1.0,1
4507,0.0,0
4508,1.0,0
4509,1.0,1
4510,0.0,1
4511,1.0,1
4512,1.0,1
4513,0.0,0
4514,0.0,0
4515,0.0,0
4516,0.0,0
4517,1.0,1
4518,1.0,1
4519,1.0,1
4520,0.0,0
4521,1.0,0
4522,0.0,1
4523,0.0,0
4524,0.0,0
4525,0.0,1
4526,1.0,1
4527,0.0,0
4528,0.0,0
4529,0.0,0
4530,1.0,1
4531,0.0,1
4532,1.0,1
4533,1.0,0
4534,1.0,1
4535,1.0,1
4536,0.0,0
4537,1.0,1
4538,1.0,1
4539,0.0,0
4540,0.0,0
4541,1.0,1
4542,1.0,1
4543,1.0,1
4544,1.0,1
4545,0.0,0
4546,0.0,0
4547,1.0,1
4548,1.0,1
4549,1.0,1
4550,1.0,1
4551,1.0,0
4552,0.0,0
4553,0.0,1
4554,0.0,0
4555,0.0,0
4556,0.0,0
4557,0.0,0
4558,1.0,1
4559,0.0,0
4560,1.0,1
4561,0.0,1
4562,1.0,1
4563,0.0,0
4564,0.0,0
4565,0.0,0
4566,1.0,1
4567,1.0,1
4568,0.0,0
4569,0.0,0
4570,1.0,1
4571,0.0,0
4572,0.0,0
4573,0.0,1
4574,0.0,0
4575,1.0,1
4576,1.0,0
4577,0.0,0
4578,0.0,0
4579,0.0,0
4580,0.0,0
4581,0.0,0
4582,1.0,0
4583,0.0,1
4584,1.0,1
4585,1.0,1
4586,1.0,0
4587,1.0,1
4588,0.0,0
4589,0.0,1
4590,1.0,1
4591,1.0,1
4592,0.0,0
4593,0.0,1
4594,0.0,1
4595,0.0,0
4596,0.0,0
4597,0.0,0
4598,1.0,0
4599,0.0,0
4600,1.0,1
4601,0.0,0
4602,0.0,0
4603,1.0,1
4604,1.0,1
4605,1.0,0
4606,0.0,0
4607,0.0,1
4608,1.0,1
4609,1.0,1
4610,0.0,1
4611,0.0,0
4612,1.0,1
4613,1.0,1
4614,1.0,1
4615,0.0,0
4616,0.0,0
4617,0.0,0
4618,0.0,0
4619,0.0,0
4620,0.0,0
4621,0.0,0
4622,0.0,1
4623,0.0,0
4624,1.0,0
4625,1.0,1
4626,1.0,0
4627,1.0,1
4628,1.0,1
4629,0.0,1
4630,1.0,1
4631,0.0,0
4632,0.0,0
4633,0.0,0
4634,0.0,0
4635,0.0,1
4636,0.0,1
4637,0.0,0
4638,1.0,1
4639,1.0,1
4640,1.0,0
4641,1.0,0
4642,1.0,1
4643,1.0,1
4644,1.0,0
4645,0.0,0
4646,0.0,0
4647,1.0,1
4648,0.0,0
4649,1.0,1
4650,0.0,0
4651,0.0,0
4652,0.0,0
4653,1.0,1
4654,1.0,1
4655,1.0,0
4656,1.0,0
4657,0.0,0
4658,0.0,0
4659,0.0,0
4660,1.0,1
4661,1.0,0
4662,0.0,0
4663,1.0,1
4664,0.0,0
4665,1.0,1
4666,0.0,0
4667,1.0,1
4668,1.0,1
4669,0.0,0
4670,0.0,0
4671,1.0,1
4672,1.0,1
4673,0.0,0
4674,1.0,1
4675,1.0,1
4676,0.0,0
4677,0.0,1
4678,0.0,1
4679,0.0,0
4680,1.0,1
4681,1.0,1
4682,0.0,1
4683,0.0,0
4684,1.0,0
4685,0.0,1
4686,1.0,1
4687,1.0,1
4688,0.0,0
4689,0.0,0
4690,1.0,1
4691,1.0,1
4692,1.0,1
4693,1.0,1
4694,1.0,1
4695,0.0,0
4696,0.0,0
4697,0.0,0
4698,1.0,0
4699,1.0,1
4700,0.0,1
4701,0.0,0
4702,1.0,1
4703,0.0,0
4704,1.0,1
4705,0.0,0
4706,1.0,0
4707,0.0,1
4708,0.0,0
4709,0.0,0
4710,0.0,1
4711,0.0,0
4712,0.0,0
4713,1.0,1
4714,1.0,0
4715,0.0,0
4716,0.0,0
4717,0.0,0
4718,0.0,0
4719,0.0,0
4720,1.0,1
4721,1.0,1
4722,1.0,1
4723,1.0,1
4724,0.0,1
4725,1.0,0
4726,0.0,0
4727,0.0,0
4728,0.0,1
4729,0.0,0
4730,0.0,0
4731,0.0,0
4732,0.0,0
4733,1.0,1
4734,1.0,1
4735,1.0,1
4736,0.0,0
4737,0.0,0
4738,1.0,1
4739,0.0,0
4740,1.0,1
4741,1.0,1
4742,0.0,0
4743,1.0,1
4744,1.0,1
4745,1.0,1
4746,0.0,1
4747,1.0,1
4748,1.0,1
4749,0.0,1
4750,0.0,0
4751,0.0,0
4752,0.0,0
4753,1.0,1
4754,0.0,1
4755,0.0,1
4756,0.0,0
4757,0.0,1
4758,0.0,0
4759,1.0,1
4760,0.0,0
4761,1.0,1
4762,0.0,0
4763,1.0,1
4764,0.0,0
4765,1.0,1
4766,1.0,1
4767,1.0,1
4768,1.0,1
4769,0.0,0
4770,0.0,0
4771,1.0,1
4772,1.0,1
4773,0.0,0
4774,1.0,1
4775,1.0,1
4776,0.0,1
4777,1.0,1
4778,0.0,0
4779,0.0,0
4780,1.0,1
4781,0.0,0
4782,0.0,0
4783,0.0,0
4784,1.0,1
4785,1.0,1
4786,1.0,1
4787,0.0,0
4788,1.0,1
4789,1.0,0
4790,1.0,1
4791,1.0,1
4792,1.0,1
4793,1.0,1
4794,0.0,0
4795,1.0,1
4796,0.0,0
4797,0.0,0
4798,1.0,1
4799,0.0,0
4800,0.0,0
4801,1.0,1
4802,1.0,1
4803,1.0,1
4804,0.0,0
4805,0.0,0
4806,1.0,1
4807,1.0,1
4808,1.0,1
4809,1.0,1
4810,1.0,1
4811,1.0,1
4812,1.0,1
4813,0.0,0
4814,0.0,0
4815,0.0,0
4816,0.0,0
4817,0.0,0
4818,1.0,1
4819,1.0,0
4820,1.0,1
4821,1.0,1
4822,1.0,0
4823,1.0,1
4824,1.0,1
4825,1.0,1
4826,0.0,0
4827,0.0,0
4828,0.0,0
4829,1.0,1
4830,1.0,1
4831,1.0,0
4832,0.0,0
4833,1.0,1
4834,0.0,0
4835,1.0,1
4836,0.0,0
4837,1.0,1
4838,1.0,0
4839,0.0,0
4840,0.0,0
4841,0.0,0
4842,1.0,1
4843,1.0,1
4844,1.0,1
4845,0.0,0
4846,1.0,1
4847,1.0,1
4848,1.0,1
4849,1.0,1
4850,1.0,0
4851,0.0,1
4852,1.0,1
4853,1.0,1
4854,1.0,1
4855,0.0,1
4856,1.0,1
4857,1.0,1
4858,1.0,1
4859,1.0,1
4860,0.0,0
4861,0.0,1
4862,1.0,1
4863,1.0,1
4864,1.0,1
4865,1.0,1
4866,0.0,0
4867,0.0,0
4868,0.0,1
4869,1.0,1
4870,1.0,1
4871,1.0,0
4872,0.0,0
4873,1.0,1
4874,1.0,1
4875,0.0,0
4876,1.0,1
4877,0.0,0
4878,0.0,0
4879,1.0,1
4880,1.0,1
4881,0.0,1
4882,0.0,0
4883,0.0,1
4884,0.0,0
4885,0.0,0
4886,0.0,1
4887,0.0,1
4888,0.0,0
4889,1.0,1
4890,0.0,1
4891,0.0,0
4892,1.0,1
4893,1.0,1
4894,0.0,0
4895,1.0,1
4896,0.0,0
4897,1.0,1
4898,0.0,0
4899,0.0,0
4900,0.0,0
4901,0.0,0
4902,0.0,0
4903,0.0,0
4904,1.0,1
4905,0.0,0
4906,0.0,0
4907,1.0,0
4908,1.0,1
4909,0.0,0
4910,1.0,1
4911,1.0,1
4912,0.0,0
4913,0.0,0
4914,1.0,1
4915,0.0,1
4916,1.0,0
4917,0.0,0
4918,0.0,0
4919,0.0,0
4920,0.0,0
4921,1.0,1
4922,1.0,1
4923,0.0,0
4924,1.0,1
4925,0.0,0
4926,1.0,1
4927,1.0,1
4928,1.0,1
4929,0.0,0
4930,1.0,1
4931,1.0,0
4932,1.0,0
4933,0.0,0
4934,1.0,1
4935,1.0,0
4936,1.0,1
4937,0.0,0
4938,1.0,1
4939,1.0,1
4940,0.0,0
4941,0.0,1
4942,0.0,0
4943,0.0,0
4944,1.0,1
4945,1.0,0
4946,0.0,1
4947,0.0,0
4948,0.0,0
4949,0.0,1
4950,0.0,0
4951,1.0,1
4952,0.0,0
4953,0.0,0
4954,0.0,1
4955,1.0,1
4956,0.0,0
4957,1.0,1
4958,0.0,0
4959,1.0,1
4960,0.0,1
4961,0.0,0
4962,0.0,0
4963,1.0,1
4964,0.0,0
4965,1.0,1
4966,1.0,0
4967,1.0,0
4968,0.0,0
4969,0.0,0
4970,1.0,1
4971,1.0,1
4972,0.0,0
4973,1.0,1
4974,0.0,0
4975,0.0,0
4976,0.0,0
4977,0.0,1
4978,0.0,0
4979,0.0,0
4980,0.0,1
4981,0.0,0
4982,0.0,0
4983,0.0,0
4984,1.0,0
4985,0.0,0
4986,1.0,1
4987,1.0,1
4988,1.0,1
4989,1.0,1
4990,1.0,1
4991,1.0,1
4992,0.0,0
4993,0.0,0
4994,1.0,1
4995,0.0,0
4996,0.0,0
4997,0.0,1
4998,0.0,0
4999,1.0,0
5000,1.0,1
5001,1.0,1
5002,0.0,0
5003,0.0,0
5004,1.0,1
5005,1.0,1
5006,0.0,0
5007,0.0,0
5008,0.0,0
5009,0.0,1
5010,0.0,0
5011,0.0,1
5012,1.0,1
5013,1.0,1
5014,0.0,0
5015,0.0,1
5016,1.0,1
5017,0.0,0
5018,0.0,0
5019,0.0,0
5020,0.0,1
5021,0.0,1
5022,0.0,0
5023,0.0,0
5024,0.0,0
5025,0.0,0
5026,0.0,1
5027,0.0,1
5028,0.0,0
5029,1.0,1
5030,0.0,0
5031,0.0,0
5032,1.0,1
5033,1.0,1
5034,1.0,1
5035,0.0,0
5036,1.0,1
5037,0.0,0
5038,1.0,1
5039,0.0,0
5040,1.0,0
5041,0.0,0
5042,0.0,1
5043,0.0,0
5044,1.0,1
5045,0.0,0
5046,1.0,1
5047,1.0,1
5048,0.0,0
5049,0.0,0
5050,1.0,1
5051,0.0,0
5052,0.0,0
5053,1.0,1
5054,0.0,0
5055,0.0,0
5056,1.0,1
5057,0.0,0
5058,0.0,0
5059,1.0,1
5060,1.0,1
5061,0.0,1
5062,1.0,0
5063,0.0,0
5064,1.0,1
5065,1.0,1
5066,0.0,0
5067,1.0,1
5068,1.0,1
5069,0.0,0
5070,1.0,1
5071,0.0,1
5072,0.0,1
5073,0.0,1
5074,1.0,1
5075,1.0,1
5076,1.0,1
5077,0.0,0
5078,1.0,1
5079,1.0,1
5080,1.0,1
5081,0.0,0
5082,1.0,1
5083,0.0,0
5084,0.0,0
5085,1.0,1
5086,0.0,0
5087,0.0,0
5088,1.0,1
5089,1.0,0
5090,0.0,0
5091,0.0,0
5092,0.0,0
5093,1.0,1
5094,0.0,0
5095,0.0,0
5096,0.0,0
5097,1.0,1
5098,0.0,0
5099,1.0,1
5100,1.0,0
5101,1.0,1
5102,0.0,0
5103,0.0,0
5104,1.0,1
5105,0.0,1
5106,0.0,0
5107,1.0,1
5108,0.0,1
5109,0.0,1
5110,0.0,0
5111,0.0,0
5112,0.0,1
5113,0.0,0
5114,1.0,1
5115,0.0,0
5116,1.0,0
5117,1.0,1
5118,0.0,1
5119,1.0,1
5120,1.0,1
5121,1.0,1
5122,0.0,0
5123,1.0,1
5124,0.0,0
5125,1.0,1
5126,1.0,0
5127,0.0,0
5128,1.0,1
5129,0.0,0
5130,1.0,1
5131,1.0,1
5132,1.0,1
5133,0.0,1
5134,1.0,1
5135,1.0,1
5136,1.0,1
5137,0.0,1
5138,1.0,1
5139,1.0,1
5140,0.0,0
5141,1.0,1
5142,0.0,0
5143,1.0,1
5144,0.0,1
5145,0.0,0
5146,1.0,0
5147,0.0,1
5148,0.0,0
5149,1.0,1
5150,0.0,0
5151,0.0,0
5152,1.0,1
5153,0.0,0
5154,1.0,1
5155,1.0,1
5156,0.0,0
5157,0.0,0
5158,0.0,1
5159,1.0,0
5160,0.0,0
5161,0.0,0
5162,0.0,0
5163,0.0,1
5164,0.0,0
5165,1.0,1
5166,0.0,0
5167,1.0,1
5168,1.0,1
5169,0.0,0
5170,0.0,0
5171,0.0,0
5172,0.0,0
5173,1.0,1
5174,0.0,0
5175,0.0,0
5176,1.0,0
5177,1.0,1
5178,0.0,0
5179,0.0,0
5180,1.0,0
5181,1.0,1
5182,1.0,1
5183,0.0,0
5184,1.0,1
5185,1.0,0
5186,1.0,1
5187,0.0,0
5188,1.0,1
5189,1.0,1
5190,0.0,0
5191,1.0,1
5192,1.0,1
5193,0.0,0
5194,1.0,1
5195,0.0,0
5196,1.0,1
5197,0.0,0
5198,1.0,1
5199,0.0,0
5200,1.0,1
5201,0.0,0
5202,1.0,1
5203,1.0,1
5204,1.0,1
5205,1.0,0
5206,1.0,1
5207,0.0,0
5208,1.0,1
5209,1.0,1
5210,0.0,0
5211,0.0,0
5212,0.0,0
5213,0.0,0
5214,0.0,0
5215,0.0,0
5216,1.0,0
5217,0.0,0
5218,1.0,0
5219,1.0,0
5220,1.0,1
5221,1.0,1
5222,0.0,0
5223,1.0,1
5224,0.0,0
5225,0.0,0
5226,0.0,0
5227,0.0,1
5228,0.0,0
5229,0.0,0
5230,0.0,0
5231,0.0,0
5232,1.0,1
5233,0.0,0
5234,1.0,1
5235,1.0,1
5236,0.0,0
5237,0.0,0
5238,0.0,0
5239,1.0,1
5240,0.0,0
5241,0.0,0
5242,0.0,0
5243,0.0,0
5244,0.0,0
5245,1.0,1
5246,1.0,1
5247,0.0,0
5248,1.0,1
5249,1.0,1
5250,1.0,1
5251,0.0,1
5252,1.0,1
5253,0.0,0
5254,1.0,1
5255,1.0,1
5256,1.0,1
5257,1.0,1
5258,0.0,0
5259,1.0,1
5260,1.0,0
5261,0.0,0
5262,1.0,1
5263,1.0,1
5264,1.0,1
5265,1.0,1
5266,0.0,0
5267,1.0,1
5268,1.0,1
5269,0.0,0
5270,1.0,1
5271,1.0,1
5272,1.0,0
5273,0.0,0
5274,0.0,0
5275,0.0,1
5276,1.0,1
5277,0.0,0
5278,1.0,1
5279,1.0,1
5280,0.0,0
5281,1.0,1
5282,0.0,1
5283,1.0,1
5284,1.0,1
5285,1.0,1
5286,1.0,1
5287,0.0,0
5288,0.0,0
5289,0.0,0
5290,1.0,1
5291,1.0,1
5292,0.0,0
5293,0.0,0
5294,1.0,1
5295,0.0,0
5296,0.0,0
5297,0.0,0
5298,1.0,1
5299,0.0,1
5300,0.0,0
5301,0.0,0
5302,0.0,0
5303,1.0,1
5304,1.0,1
5305,0.0,0
5306,0.0,1
5307,0.0,0
5308,0.0,0
5309,0.0,0
5310,0.0,1
5311,0.0,0
5312,1.0,1
5313,1.0,1
5314,0.0,0
5315,0.0,1
5316,1.0,1
5317,0.0,0
5318,0.0,0
5319,1.0,1
5320,1.0,1
5321,1.0,0
5322,1.0,0
5323,0.0,0
5324,0.0,1
5325,0.0,0
5326,1.0,1
5327,1.0,0
5328,0.0,1
5329,1.0,1
5330,1.0,1
5331,1.0,1
5332,1.0,1
5333,1.0,1
5334,0.0,1
5335,1.0,1
5336,1.0,1
5337,0.0,0
5338,1.0,1
5339,1.0,1
5340,1.0,1
5341,0.0,0
5342,1.0,0
5343,1.0,1
5344,1.0,1
5345,1.0,1
5346,1.0,1
5347,0.0,0
5348,1.0,1
5349,0.0,0
5350,0.0,0
5351,0.0,0
5352,0.0,0
5353,1.0,1
5354,1.0,1
5355,1.0,1
5356,1.0,1
5357,1.0,1
5358,0.0,1
5359,1.0,1
5360,1.0,1
5361,0.0,1
5362,0.0,1
5363,1.0,1
5364,0.0,0
5365,0.0,0
5366,0.0,1
5367,1.0,0
5368,1.0,1
5369,0.0,0
5370,0.0,0
5371,0.0,0
5372,1.0,1
5373,1.0,1
5374,0.0,0
5375,1.0,1
5376,0.0,1
5377,0.0,0
5378,1.0,0
5379,1.0,1
5380,0.0,0
5381,1.0,0
5382,1.0,1
5383,1.0,1
5384,1.0,1
5385,0.0,0
5386,0.0,0
5387,1.0,1
5388,1.0,1
5389,0.0,0
5390,1.0,0
5391,0.0,0
5392,0.0,0
5393,1.0,1
5394,1.0,1
5395,1.0,1
5396,0.0,0
5397,1.0,0
5398,1.0,1
5399,0.0,1
5400,1.0,0
5401,1.0,1
5402,0.0,1
5403,0.0,1
5404,1.0,1
5405,1.0,1
5406,1.0,1
5407,1.0,1
5408,0.0,0
5409,1.0,1
5410,0.0,1
5411,0.0,0
5412,0.0,0
5413,0.0,0
5414,1.0,0
5415,0.0,0
5416,1.0,1
5417,1.0,1
5418,1.0,1
5419,1.0,1
5420,0.0,0
5421,0.0,1
5422,1.0,1
5423,0.0,0
5424,1.0,0
5425,0.0,0
5426,0.0,0
5427,1.0,0
5428,0.0,0
5429,0.0,0
5430,1.0,1
5431,0.0,0
5432,1.0,1
5433,0.0,1
5434,0.0,1
5435,1.0,1
5436,0.0,0
5437,1.0,1
5438,0.0,0
5439,0.0,0
5440,0.0,0
5441,0.0,0
5442,0.0,0
5443,1.0,0
5444,0.0,1
5445,1.0,1
5446,1.0,1
5447,0.0,0
5448,1.0,0
5449,0.0,0
5450,1.0,1
5451,0.0,0
5452,1.0,1
5453,0.0,0
5454,0.0,0
5455,1.0,1
5456,0.0,1
5457,0.0,0
5458,0.0,0
5459,0.0,0
5460,0.0,1
5461,0.0,1
5462,0.0,1
5463,1.0,1
5464,0.0,0
5465,1.0,1
5466,0.0,0
5467,1.0,0
5468,0.0,0
5469,1.0,1
5470,1.0,1
5471,0.0,0
5472,0.0,0
5473,1.0,1
5474,0.0,0
5475,1.0,1
5476,0.0,0
5477,0.0,0
5478,1.0,1
5479,0.0,0
5480,0.0,0
5481,0.0,0
5482,1.0,1
5483,1.0,0
5484,1.0,1
5485,1.0,1
5486,0.0,0
5487,0.0,1
5488,1.0,1
5489,0.0,0
5490,0.0,0
5491,0.0,0
5492,1.0,1
5493,0.0,0
5494,0.0,0
5495,0.0,0
5496,1.0,1
5497,1.0,1
5498,0.0,0
5499,0.0,0
5500,1.0,1
5501,0.0,0
5502,1.0,1
5503,1.0,1
5504,0.0,0
5505,0.0,0
5506,1.0,1
5507,0.0,0
5508,0.0,0
5509,1.0,1
5510,0.0,0
5511,1.0,1
5512,1.0,1
5513,1.0,1
5514,1.0,1
5515,0.0,0
5516,0.0,0
5517,0.0,1
5518,0.0,0
5519,0.0,0
5520,1.0,1
5521,1.0,1
5522,0.0,0
5523,0.0,1
5524,1.0,1
5525,0.0,1
5526,1.0,1
5527,1.0,1
5528,0.0,0
5529,1.0,1
5530,0.0,1
5531,1.0,1
5532,0.0,0
5533,1.0,1
5534,1.0,1
5535,1.0,1
5536,0.0,1
5537,1.0,1
5538,0.0,0
5539,0.0,1
5540,1.0,1
5541,1.0,1
5542,1.0,0
5543,1.0,1
5544,1.0,1
5545,1.0,1
5546,1.0,1
5547,0.0,0
5548,0.0,0
5549,1.0,1
5550,1.0,1
5551,1.0,1
5552,1.0,1
5553,1.0,1
5554,0.0,0
5555,1.0,1
5556,0.0,0
5557,0.0,0
5558,1.0,1
5559,1.0,1
5560,1.0,1
5561,0.0,0
5562,1.0,1
5563,0.0,0
5564,1.0,1
5565,0.0,0
5566,1.0,1
5567,0.0,0
5568,1.0,1
5569,0.0,0
5570,1.0,1
5571,0.0,0
5572,0.0,0
5573,0.0,0
5574,0.0,0
5575,0.0,0
5576,1.0,1
5577,1.0,0
5578,1.0,1
5579,1.0,1
5580,1.0,0
5581,1.0,1
5582,0.0,0
5583,0.0,1
5584,0.0,0
5585,0.0,0
5586,1.0,1
5587,1.0,0
5588,1.0,1
5589,1.0,1
5590,0.0,0
5591,1.0,1
5592,1.0,0
5593,1.0,1
5594,1.0,1
5595,1.0,0
5596,0.0,0
5597,1.0,0
5598,1.0,0
5599,1.0,0
5600,1.0,1
5601,1.0,1
5602,1.0,0
5603,1.0,0
5604,0.0,0
5605,0.0,0
5606,1.0,0
5607,0.0,0
5608,1.0,1
5609,1.0,1
5610,1.0,0
5611,1.0,1
5612,0.0,0
5613,0.0,0
5614,0.0,0
5615,1.0,1
5616,0.0,0
5617,1.0,0
5618,1.0,1
5619,0.0,1
5620,1.0,1
5621,1.0,1
5622,1.0,1
5623,0.0,1
5624,1.0,0
5625,0.0,0
5626,1.0,1
5627,1.0,1
5628,1.0,1
5629,1.0,1
5630,1.0,1
5631,0.0,0
5632,0.0,0
5633,1.0,1
5634,1.0,1
5635,1.0,1
5636,1.0,1
5637,0.0,0
5638,1.0,1
5639,1.0,1
5640,0.0,0
5641,1.0,1
5642,1.0,1
5643,0.0,0
5644,1.0,1
5645,0.0,1
5646,0.0,1
5647,1.0,1
5648,1.0,1
5649,0.0,0
5650,0.0,0
5651,0.0,1
5652,1.0,1
5653,0.0,1
5654,1.0,1
5655,0.0,0
5656,1.0,1
5657,1.0,1
5658,0.0,0
5659,0.0,0
5660,1.0,0
5661,0.0,0
5662,1.0,1
5663,1.0,1
5664,0.0,0
5665,0.0,0
5666,1.0,1
5667,1.0,1
5668,0.0,0
5669,1.0,0
5670,1.0,0
5671,0.0,0
5672,0.0,0
5673,1.0,1
5674,0.0,0
5675,1.0,1
5676,1.0,0
5677,1.0,0
5678,1.0,1
5679,0.0,0
5680,1.0,1
5681,1.0,0
5682,1.0,1
5683,0.0,1
5684,1.0,1
5685,1.0,0
5686,1.0,1
5687,0.0,1
5688,1.0,0
5689,0.0,0
5690,0.0,0
5691,1.0,1
5692,1.0,1
5693,1.0,1
5694,1.0,1
5695,0.0,1
5696,1.0,0
5697,1.0,0
5698,1.0,1
5699,0.0,0
5700,1.0,1
5701,1.0,1
5702,0.0,0
5703,0.0,0
5704,0.0,0
5705,1.0,1
5706,1.0,1
5707,0.0,0
5708,0.0,0
5709,1.0,1
5710,1.0,0
5711,1.0,1
5712,1.0,1
5713,1.0,1
5714,1.0,1
5715,1.0,0
5716,0.0,0
5717,0.0,0
5718,0.0,0
5719,1.0,0
5720,1.0,1
5721,0.0,0
5722,0.0,0
5723,1.0,1
5724,0.0,0
5725,0.0,0
5726,1.0,1
5727,1.0,0
5728,0.0,0
5729,1.0,1
5730,0.0,0
5731,0.0,0
5732,1.0,1
5733,1.0,1
5734,0.0,0
5735,0.0,0
5736,1.0,1
5737,0.0,0
5738,1.0,1
5739,0.0,1
5740,1.0,1
5741,0.0,0
5742,1.0,1
5743,1.0,1
5744,1.0,1
5745,0.0,0
5746,0.0,1
5747,0.0,0
5748,1.0,1
5749,0.0,0
5750,1.0,1
5751,1.0,1
5752,0.0,0
5753,1.0,1
5754,1.0,1
5755,0.0,0
5756,1.0,1
5757,1.0,1
5758,0.0,0
5759,0.0,0
5760,0.0,1
5761,1.0,1
5762,0.0,1
5763,0.0,0
5764,1.0,1
5765,0.0,0
5766,0.0,0
5767,1.0,1
5768,1.0,0
5769,1.0,0
5770,0.0,0
5771,0.0,0
5772,1.0,1
5773,1.0,1
5774,1.0,1
5775,1.0,1
5776,1.0,1
5777,1.0,1
5778,0.0,1
5779,0.0,0
5780,1.0,1
5781,1.0,0
5782,0.0,1
5783,1.0,1
5784,0.0,0
5785,1.0,1
5786,1.0,1
5787,1.0,1
5788,0.0,0
5789,0.0,0
5790,1.0,1
5791,1.0,1
5792,0.0,0
5793,1.0,1
5794,0.0,0
5795,0.0,0
5796,1.0,1
5797,0.0,0
5798,1.0,1
5799,1.0,1
5800,1.0,1
5801,1.0,1
5802,1.0,1
5803,1.0,1
5804,1.0,1
5805,0.0,0
5806,0.0,0
5807,0.0,0
5808,0.0,0
5809,0.0,0
5810,0.0,0
5811,0.0,0
5812,1.0,1
5813,1.0,1
5814,1.0,1
5815,1.0,1
5816,0.0,1
5817,1.0,1
5818,0.0,1
5819,0.0,0
5820,1.0,0
5821,0.0,0
5822,0.0,0
5823,1.0,0
5824,1.0,1
5825,1.0,1
5826,1.0,1
5827,0.0,0
5828,1.0,1
5829,0.0,1
5830,1.0,0
5831,0.0,0
5832,0.0,0
5833,0.0,0
5834,0.0,0
5835,1.0,1
5836,0.0,0
5837,0.0,0
5838,1.0,1
5839,0.0,0
5840,1.0,1
5841,0.0,0
5842,1.0,1
5843,0.0,0
5844,0.0,0
5845,1.0,1
5846,0.0,0
5847,0.0,0
5848,0.0,0
5849,0.0,0
5850,0.0,0
5851,1.0,0
5852,0.0,0
5853,0.0,0
5854,1.0,1
5855,0.0,0
5856,0.0,0
5857,0.0,0
5858,0.0,1
5859,0.0,0
5860,1.0,1
5861,1.0,1
5862,0.0,1
5863,0.0,1
5864,0.0,1
5865,0.0,1
5866,0.0,0
5867,0.0,0
5868,1.0,1
5869,1.0,1
5870,0.0,1
5871,0.0,1
5872,1.0,0
5873,1.0,1
5874,0.0,0
5875,1.0,1
5876,0.0,0
5877,1.0,1
5878,1.0,1
5879,1.0,1
5880,0.0,0
5881,1.0,1
5882,0.0,0
5883,0.0,0
5884,1.0,1
5885,1.0,0
5886,1.0,0
5887,1.0,0
5888,0.0,0
5889,0.0,0
5890,0.0,1
5891,1.0,1
5892,0.0,0
5893,1.0,1
5894,0.0,1
5895,1.0,1
5896,1.0,1
5897,0.0,0
5898,1.0,1
5899,0.0,0
5900,1.0,0
5901,0.0,0
5902,0.0,0
5903,0.0,0
5904,1.0,1
5905,1.0,1
5906,1.0,1
5907,0.0,0
5908,0.0,0
5909,1.0,1
5910,0.0,0
5911,1.0,1
5912,0.0,0
5913,1.0,1
5914,0.0,0
5915,1.0,1
5916,1.0,1
5917,1.0,1
5918,0.0,0
5919,1.0,1
5920,1.0,0
5921,0.0,0
5922,0.0,0
5923,1.0,1
5924,1.0,1
5925,1.0,0
5926,1.0,1
5927,0.0,0
5928,0.0,0
5929,1.0,1
5930,1.0,0
5931,0.0,0
5932,0.0,0
5933,0.0,1
5934,0.0,0
5935,1.0,1
5936,1.0,1
5937,1.0,1
5938,1.0,0
5939,0.0,1
5940,0.0,0
5941,0.0,0
5942,0.0,0
5943,1.0,1
5944,1.0,1
5945,0.0,0
5946,0.0,0
5947,1.0,1
5948,1.0,1
5949,1.0,1
5950,0.0,0
5951,0.0,0
5952,1.0,0
5953,1.0,1
5954,0.0,0
5955,0.0,1
5956,0.0,0
5957,1.0,0
5958,1.0,0
5959,0.0,0
5960,1.0,0
5961,1.0,1
5962,0.0,0
5963,1.0,1
5964,1.0,1
5965,0.0,0
5966,1.0,1
5967,1.0,1
5968,1.0,0
5969,1.0,0
5970,0.0,0
5971,0.0,0
5972,0.0,0
5973,1.0,1
5974,1.0,0
5975,1.0,1
5976,0.0,1
5977,1.0,0
5978,1.0,1
5979,0.0,0
5980,0.0,1
5981,0.0,0
5982,1.0,0
5983,0.0,0
5984,0.0,0
5985,1.0,0
5986,1.0,1
5987,1.0,0
5988,1.0,1
5989,1.0,1
5990,1.0,1
5991,1.0,1
5992,1.0,1
5993,1.0,1
5994,1.0,1
5995,0.0,0
5996,1.0,1
5997,0.0,0
5998,1.0,0
5999,0.0,0
6000,0.0,0
6001,1.0,1
6002,0.0,0
6003,0.0,1
6004,1.0,0
6005,0.0,0
6006,1.0,1
6007,1.0,1
6008,1.0,1
6009,0.0,0
6010,0.0,1
6011,0.0,1
6012,1.0,1
6013,0.0,0
6014,1.0,0
6015,0.0,0
6016,1.0,1
6017,1.0,1
6018,0.0,0
6019,0.0,1
6020,1.0,1
6021,0.0,0
6022,1.0,1
6023,1.0,1
6024,1.0,1
6025,1.0,1
6026,1.0,0
6027,0.0,0
6028,0.0,0
6029,1.0,1
6030,1.0,1
6031,0.0,0
6032,0.0,0
6033,0.0,0
6034,1.0,1
6035,1.0,1
6036,0.0,0
6037,1.0,1
6038,0.0,0
6039,1.0,0
6040,1.0,1
6041,1.0,1
6042,1.0,1
6043,1.0,1
6044,1.0,1
6045,0.0,0
6046,0.0,0
6047,1.0,1
6048,1.0,1
6049,1.0,1
6050,1.0,0
6051,1.0,1
6052,0.0,0
6053,1.0,1
6054,0.0,0
6055,1.0,1
6056,1.0,1
6057,0.0,0
6058,1.0,1
6059,1.0,1
6060,0.0,0
6061,1.0,1
6062,0.0,0
6063,0.0,0
6064,1.0,0
6065,1.0,1
6066,0.0,1
6067,0.0,0
6068,1.0,1
6069,1.0,1
6070,0.0,0
6071,0.0,0
6072,1.0,1
6073,0.0,0
6074,0.0,0
6075,0.0,0
6076,0.0,0
6077,0.0,0
6078,0.0,0
6079,0.0,0
6080,0.0,0
6081,1.0,1
6082,0.0,0
6083,1.0,1
6084,0.0,0
6085,1.0,1
6086,1.0,1
6087,1.0,1
6088,0.0,0
6089,0.0,0
6090,1.0,1
6091,1.0,0
6092,0.0,0
6093,0.0,0
6094,1.0,1
6095,1.0,0
6096,1.0,0
6097,0.0,0
6098,1.0,1
6099,1.0,0
6100,1.0,1
6101,0.0,1
6102,0.0,0
6103,1.0,0
6104,1.0,1
6105,1.0,1
6106,1.0,1
6107,1.0,1
6108,1.0,1
6109,1.0,1
6110,1.0,1
6111,1.0,0
6112,0.0,0
6113,1.0,0
6114,0.0,0
6115,1.0,0
6116,1.0,0
6117,0.0,0
6118,1.0,1
6119,1.0,1
6120,1.0,1
6121,1.0,1
6122,0.0,0
6123,1.0,0
6124,1.0,0
6125,0.0,0
6126,1.0,1
6127,1.0,1
6128,1.0,1
6129,1.0,1
6130,1.0,1
6131,1.0,1
6132,1.0,1
6133,1.0,1
6134,1.0,1
6135,0.0,0
6136,1.0,1
6137,0.0,0
6138,0.0,0
6139,0.0,0
6140,0.0,0
6141,1.0,0
6142,0.0,0
6143,1.0,0
6144,0.0,0
6145,0.0,0
6146,1.0,1
6147,1.0,1
6148,0.0,1
6149,1.0,1
6150,1.0,1
6151,1.0,1
6152,0.0,1
6153,1.0,1
6154,1.0,1
6155,0.0,1
6156,1.0,1
6157,1.0,1
6158,0.0,0
6159,1.0,1
6160,1.0,0
6161,0.0,0
6162,0.0,1
6163,1.0,1
6164,0.0,0
6165,1.0,1
6166,0.0,0
6167,1.0,1
6168,0.0,0
6169,1.0,1
6170,0.0,0
6171,1.0,0
6172,1.0,1
6173,0.0,0
6174,0.0,0
6175,0.0,1
6176,0.0,0
6177,1.0,1
6178,0.0,0
6179,1.0,1
6180,1.0,1
6181,1.0,1
6182,0.0,0
6183,0.0,0
6184,0.0,0
6185,1.0,1
6186,0.0,1
6187,1.0,1
6188,1.0,1
6189,1.0,1
6190,1.0,1
6191,0.0,0
6192,1.0,1
6193,1.0,1
6194,0.0,0
6195,0.0,0
6196,1.0,1
6197,0.0,0
6198,1.0,1
6199,0.0,0
6200,1.0,1
6201,1.0,1
6202,0.0,0
6203,0.0,0
6204,0.0,0
6205,0.0,0
6206,1.0,1
6207,0.0,0
6208,0.0,0
6209,1.0,1
6210,1.0,1
6211,0.0,0
6212,1.0,0
6213,1.0,0
6214,1.0,1
6215,1.0,1
6216,1.0,1
6217,1.0,1
6218,1.0,1
6219,0.0,0
6220,1.0,1
6221,1.0,1
6222,1.0,1
6223,0.0,0
6224,0.0,0
6225,1.0,1
6226,1.0,1
6227,1.0,1
6228,1.0,1
6229,1.0,1
6230,1.0,1
6231,1.0,1
6232,1.0,1
6233,1.0,1
6234,1.0,0
6235,1.0,1
6236,1.0,0
6237,0.0,0
6238,0.0,0
6239,1.0,1
6240,1.0,1
6241,1.0,0
6242,1.0,1
6243,1.0,1
6244,1.0,1
6245,1.0,1
6246,1.0,1
6247,0.0,0
6248,1.0,1
6249,1.0,1
6250,1.0,1
6251,0.0,0
6252,1.0,1
6253,1.0,1
6254,1.0,1
6255,0.0,0
6256,1.0,1
6257,0.0,0
6258,1.0,0
6259,0.0,0
6260,0.0,0
6261,1.0,0
6262,1.0,1
6263,0.0,0
6264,0.0,0
6265,1.0,1
6266,1.0,1
6267,1.0,1
6268,1.0,1
6269,0.0,0
6270,1.0,1
6271,1.0,1
6272,0.0,0
6273,1.0,0
6274,0.0,0
6275,1.0,0
6276,1.0,0
6277,0.0,0
6278,0.0,0
6279,1.0,0
6280,1.0,1
6281,1.0,1
6282,1.0,1
6283,1.0,0
6284,1.0,1
6285,1.0,1
6286,0.0,0
6287,1.0,1
6288,0.0,0
6289,1.0,1
6290,0.0,0
6291,0.0,0
6292,0.0,0
6293,1.0,1
6294,0.0,0
6295,0.0,0
6296,1.0,1
6297,1.0,1
6298,0.0,0
6299,1.0,1
6300,1.0,1
6301,1.0,1
6302,1.0,0
6303,1.0,1
6304,0.0,0
6305,0.0,0
6306,1.0,1
6307,0.0,1
6308,1.0,0
6309,1.0,1
6310,1.0,1
6311,0.0,1
6312,0.0,0
6313,1.0,1
6314,0.0,1
6315,1.0,1
6316,0.0,0
6317,0.0,1
6318,1.0,1
6319,1.0,1
6320,1.0,0
6321,0.0,0
6322,1.0,0
6323,1.0,1
6324,1.0,1
6325,0.0,0
6326,0.0,1
6327,1.0,1
6328,1.0,1
6329,0.0,0
6330,1.0,1
6331,1.0,0
6332,0.0,1
6333,0.0,0
6334,1.0,1
6335,1.0,1
6336,0.0,0
6337,0.0,0
6338,1.0,0
6339,1.0,0
6340,1.0,0
6341,1.0,1
6342,0.0,0
6343,1.0,1
6344,1.0,1
6345,1.0,0
6346,1.0,1
6347,0.0,0
6348,1.0,0
6349,0.0,1
6350,1.0,1
6351,0.0,0
6352,0.0,0
6353,1.0,1
6354,1.0,1
6355,0.0,0
6356,1.0,1
6357,0.0,0
6358,1.0,1
6359,1.0,1
6360,1.0,1
6361,0.0,0
6362,0.0,0
6363,1.0,1
6364,1.0,1
6365,0.0,0
6366,0.0,0
6367,1.0,1
6368,1.0,1
6369,0.0,0
6370,1.0,1
6371,1.0,1
6372,0.0,1
6373,1.0,0
6374,1.0,0
6375,1.0,1
6376,0.0,0
6377,1.0,1
6378,0.0,0
6379,0.0,0
6380,1.0,0
6381,0.0,0
6382,1.0,1
6383,1.0,1
6384,1.0,1
6385,1.0,1
6386,0.0,0
6387,1.0,0
6388,1.0,1
6389,0.0,0
6390,0.0,0
6391,1.0,1
6392,0.0,0
6393,1.0,1
6394,0.0,0
6395,0.0,1
6396,1.0,1
6397,0.0,0
6398,1.0,1
6399,1.0,1
6400,0.0,0
6401,1.0,1
6402,1.0,1
6403,0.0,0
6404,1.0,0
6405,0.0,0
6406,0.0,0
6407,1.0,0
6408,0.0,0
6409,1.0,1
6410,0.0,0
6411,1.0,1
6412,0.0,0
6413,1.0,0
6414,1.0,1
6415,0.0,0
6416,1.0,1
6417,1.0,1
6418,1.0,1
6419,0.0,0
6420,0.0,0
6421,1.0,1
6422,0.0,1
6423,0.0,0
6424,1.0,0
6425,0.0,0
6426,0.0,0
6427,1.0,0
6428,0.0,0
6429,0.0,0
6430,0.0,0
6431,1.0,1
6432,1.0,1
6433,1.0,1
6434,1.0,1
6435,0.0,0
6436,0.0,0
6437,1.0,1
6438,1.0,1
6439,0.0,0
6440,0.0,0
6441,0.0,0
6442,0.0,1
6443,0.0,0
6444,1.0,1
6445,1.0,1
6446,1.0,1
6447,0.0,0
6448,0.0,0
6449,0.0,0
6450,0.0,0
6451,1.0,1
6452,0.0,0
6453,0.0,0
6454,0.0,0
6455,1.0,1
6456,0.0,0
6457,1.0,0
6458,0.0,0
6459,1.0,1
6460,0.0,0
6461,0.0,0
6462,0.0,0
6463,1.0,1
6464,0.0,0
6465,1.0,1
6466,1.0,1
6467,1.0,1
6468,1.0,1
6469,0.0,0
6470,0.0,0
6471,0.0,0
6472,1.0,1
6473,1.0,1
6474,0.0,0
6475,0.0,0
6476,0.0,1
6477,0.0,0
6478,1.0,0
6479,0.0,0
6480,1.0,1
6481,0.0,0
6482,0.0,0
6483,1.0,1
6484,0.0,0
6485,0.0,0
6486,1.0,0
6487,1.0,1
6488,1.0,1
6489,0.0,0
6490,1.0,1
6491,1.0,1
6492,0.0,0
6493,1.0,1
6494,0.0,0
6495,0.0,0
6496,0.0,1
6497,1.0,1
6498,0.0,0
6499,0.0,0
6500,0.0,1
6501,1.0,1
6502,1.0,0
6503,1.0,1
6504,0.0,1
6505,0.0,0
6506,1.0,1
6507,1.0,1
6508,1.0,1
6509,1.0,1
6510,0.0,1
6511,0.0,0
6512,0.0,1
6513,0.0,0
6514,1.0,1
6515,0.0,0
6516,0.0,1
6517,1.0,1
6518,1.0,1
6519,1.0,1
6520,0.0,0
6521,1.0,1
6522,0.0,0
6523,0.0,1
6524,1.0,1
6525,1.0,1
6526,0.0,0
6527,1.0,1
6528,0.0,0
6529,1.0,1
6530,0.0,1
6531,1.0,1
6532,0.0,0
6533,1.0,0
6534,0.0,0
6535,0.0,0
6536,1.0,1
6537,1.0,1
6538,0.0,0
6539,0.0,0
6540,1.0,1
6541,1.0,1
6542,1.0,0
6543,1.0,1
6544,0.0,0
6545,1.0,1
6546,1.0,1
6547,1.0,1
6548,1.0,1
6549,1.0,1
6550,1.0,1
6551,1.0,1
6552,1.0,1
6553,0.0,1
6554,1.0,1
6555,1.0,1
6556,0.0,1
6557,0.0,0
6558,0.0,0
6559,1.0,1
6560,0.0,0
6561,1.0,1
6562,0.0,0
6563,1.0,0
6564,0.0,0
6565,1.0,1
6566,1.0,1
6567,1.0,0
6568,0.0,0
6569,1.0,1
6570,0.0,0
6571,0.0,0
6572,0.0,0
6573,1.0,0
6574,1.0,1
6575,1.0,1
6576,1.0,1
6577,1.0,1
6578,1.0,0
6579,0.0,0
6580,0.0,0
6581,0.0,0
6582,1.0,1
6583,1.0,1
6584,1.0,1
6585,0.0,0
6586,0.0,0
6587,0.0,0
6588,0.0,0
6589,1.0,1
6590,0.0,0
6591,0.0,0
6592,0.0,0
6593,1.0,1
6594,1.0,1
6595,1.0,1
6596,1.0,0
6597,1.0,1
6598,1.0,1
6599,0.0,0
6600,1.0,1
6601,1.0,1
6602,0.0,0
6603,0.0,0
6604,0.0,0
6605,1.0,1
6606,0.0,0
6607,1.0,1
6608,1.0,1
6609,1.0,1
6610,1.0,1
6611,0.0,0
6612,0.0,0
6613,0.0,0
6614,0.0,1
6615,0.0,0
6616,0.0,0
6617,1.0,1
6618,0.0,0
6619,0.0,0
6620,0.0,0
6621,0.0,1
6622,1.0,1
6623,0.0,0
6624,0.0,0
6625,0.0,0
6626,0.0,0
6627,0.0,0
6628,0.0,1
6629,1.0,1
6630,0.0,0
6631,1.0,1
6632,1.0,1
6633,1.0,1
6634,1.0,1
6635,0.0,1
6636,0.0,0
6637,1.0,1
6638,1.0,1
6639,0.0,0
6640,0.0,0
6641,0.0,0
6642,1.0,1
6643,0.0,0
6644,1.0,1
6645,0.0,0
6646,0.0,0
6647,0.0,0
6648,1.0,1
6649,1.0,1
6650,0.0,0
6651,0.0,0
6652,1.0,1
6653,0.0,1
6654,0.0,0
6655,0.0,0
6656,0.0,0
6657,0.0,0
6658,1.0,0
6659,0.0,0
6660,1.0,1
6661,1.0,0
6662,0.0,0
6663,1.0,1
6664,1.0,1
6665,0.0,1
6666,1.0,1
6667,0.0,0
6668,0.0,0
6669,0.0,0
6670,0.0,0
6671,0.0,0
6672,0.0,0
6673,0.0,1
6674,1.0,1
6675,0.0,0
6676,0.0,1
6677,1.0,0
6678,1.0,1
6679,0.0,0
6680,0.0,0
6681,0.0,0
6682,0.0,0
6683,0.0,1
6684,0.0,0
6685,1.0,1
6686,0.0,1
6687,0.0,0
6688,0.0,0
6689,0.0,0
6690,1.0,1
6691,0.0,0
6692,1.0,1
6693,0.0,1
6694,0.0,0
6695,0.0,1
6696,0.0,0
6697,0.0,0
6698,1.0,1
6699,0.0,0
6700,1.0,1
6701,0.0,0
6702,0.0,0
6703,1.0,1
6704,1.0,1
6705,1.0,1
6706,1.0,1
6707,0.0,0
6708,0.0,0
6709,0.0,1
6710,0.0,0
6711,1.0,1
6712,1.0,0
6713,0.0,0
6714,0.0,1
6715,0.0,0
6716,0.0,0
6717,1.0,0
6718,1.0,1
6719,1.0,1
6720,1.0,0
6721,0.0,0
6722,1.0,1
6723,0.0,1
6724,0.0,0
6725,0.0,1
6726,1.0,1
6727,0.0,0
6728,1.0,1
6729,0.0,0
6730,0.0,0
6731,0.0,0
6732,1.0,1
6733,0.0,0
6734,1.0,1
6735,1.0,1
6736,0.0,0
6737,0.0,0
6738,1.0,1
6739,0.0,0
6740,1.0,1
6741,1.0,1
6742,1.0,1
6743,1.0,1
6744,1.0,1
6745,0.0,0
6746,0.0,0
6747,0.0,1
6748,0.0,0
6749,0.0,0
6750,0.0,1
6751,0.0,0
6752,1.0,1
6753,1.0,0
6754,0.0,0
6755,0.0,0
6756,0.0,0
6757,1.0,1
6758,0.0,1
6759,1.0,1
6760,1.0,1
6761,0.0,1
6762,0.0,0
6763,1.0,1
6764,0.0,0
6765,0.0,0
6766,1.0,1
6767,1.0,1
6768,1.0,0
6769,0.0,1
6770,0.0,0
6771,1.0,1
6772,1.0,1
6773,0.0,0
6774,1.0,1
6775,1.0,0
6776,0.0,0
6777,0.0,0
6778,1.0,1
6779,0.0,0
6780,1.0,1
6781,0.0,0
6782,1.0,1
6783,0.0,1
6784,1.0,1
6785,0.0,0
6786,1.0,1
6787,0.0,1
6788,0.0,0
6789,0.0,0
6790,1.0,1
6791,0.0,0
6792,1.0,1
6793,1.0,1
6794,0.0,0
6795,0.0,0
6796,0.0,0
6797,0.0,0
6798,0.0,0
6799,1.0,1
6800,0.0,0
6801,1.0,1
6802,1.0,1
6803,1.0,1
6804,1.0,1
6805,1.0,1
6806,1.0,0
6807,1.0,1
6808,0.0,0
6809,1.0,1
6810,1.0,1
6811,0.0,0
6812,1.0,1
6813,1.0,1
6814,0.0,0
6815,0.0,0
6816,0.0,0
6817,1.0,0
6818,1.0,1
6819,1.0,1
6820,0.0,0
6821,0.0,0
6822,0.0,0
6823,0.0,0
6824,1.0,1
6825,0.0,0
6826,1.0,1
6827,1.0,1
6828,0.0,0
6829,1.0,1
6830,0.0,0
6831,0.0,1
6832,0.0,0
6833,0.0,0
6834,0.0,1
6835,1.0,1
6836,0.0,0
6837,1.0,0
6838,1.0,1
6839,0.0,0
6840,1.0,1
6841,1.0,0
6842,0.0,0
6843,1.0,1
6844,0.0,0
6845,0.0,0
6846,0.0,0
6847,1.0,1
6848,1.0,1
6849,0.0,0
6850,0.0,0
6851,1.0,1
6852,0.0,0
6853,0.0,0
6854,1.0,1
6855,1.0,1
6856,1.0,0
6857,1.0,1
6858,0.0,0
6859,1.0,1
6860,0.0,0
6861,1.0,1
6862,1.0,1
6863,0.0,0
6864,1.0,1
6865,1.0,1
6866,0.0,0
6867,1.0,1
6868,0.0,0
6869,1.0,1
6870,0.0,0
6871,0.0,0
6872,0.0,1
6873,0.0,0
6874,0.0,0
6875,0.0,1
6876,1.0,1
6877,0.0,0
6878,0.0,0
6879,1.0,1
6880,0.0,0
6881,1.0,1
6882,0.0,0
6883,1.0,1
6884,0.0,0
6885,0.0,0
6886,1.0,1
6887,1.0,1
6888,0.0,0
6889,1.0,1
6890,0.0,0
6891,1.0,1
6892,1.0,1
6893,0.0,0
6894,1.0,1
6895,0.0,0
6896,0.0,0
6897,0.0,0
6898,0.0,0
6899,0.0,0
6900,1.0,1
6901,0.0,1
6902,0.0,0
6903,0.0,0
6904,0.0,1
6905,0.0,0
6906,0.0,0
6907,0.0,0
6908,0.0,0
6909,0.0,1
6910,0.0,0
6911,1.0,1
6912,1.0,1
6913,0.0,0
6914,1.0,1
6915,0.0,0
6916,0.0,0
6917,0.0,0
6918,0.0,0
6919,0.0,0
6920,0.0,0
6921,1.0,1
6922,1.0,1
6923,1.0,1
6924,0.0,0
6925,0.0,0
6926,1.0,1
6927,1.0,1
6928,1.0,1
6929,0.0,0
6930,1.0,1
6931,0.0,0
6932,0.0,0
6933,1.0,1
6934,0.0,1
6935,1.0,1
6936,1.0,1
6937,1.0,1
6938,0.0,0
6939,0.0,0
6940,0.0,0
6941,0.0,0
6942,1.0,1
6943,0.0,0
6944,1.0,1
6945,1.0,1
6946,0.0,0
6947,0.0,0
6948,0.0,0
6949,1.0,1
6950,0.0,0
6951,0.0,0
6952,1.0,1
6953,1.0,1
6954,1.0,1
6955,0.0,0
6956,1.0,1
6957,0.0,0
6958,0.0,0
6959,1.0,1
6960,0.0,0
6961,0.0,0
6962,1.0,1
6963,1.0,1
6964,0.0,1
6965,0.0,0
6966,1.0,1
6967,0.0,1
6968,0.0,0
6969,0.0,0
6970,0.0,0
6971,1.0,1
6972,1.0,1
6973,1.0,0
6974,1.0,1
6975,0.0,0
6976,0.0,0
6977,0.0,0
6978,1.0,1
6979,1.0,1
6980,0.0,0
6981,1.0,1
6982,1.0,0
6983,1.0,1
6984,1.0,1
6985,1.0,1
6986,0.0,0
6987,1.0,1
6988,1.0,0
6989,1.0,1
6990,1.0,0
6991,1.0,1
6992,0.0,0
6993,0.0,0
6994,1.0,1
6995,0.0,0
6996,1.0,1
6997,0.0,0
6998,0.0,0
6999,1.0,0
7000,0.0,0
7001,0.0,0
7002,1.0,1
7003,0.0,0
7004,0.0,0
7005,1.0,1
7006,1.0,1
7007,1.0,1
7008,0.0,0
7009,1.0,1
7010,1.0,1
7011,0.0,0
7012,1.0,1
7013,1.0,1
7014,0.0,1
7015,1.0,1
7016,0.0,0
7017,1.0,0
7018,0.0,0
7019,1.0,1
7020,0.0,0
7021,0.0,0
7022,0.0,1
7023,1.0,1
7024,0.0,0
7025,1.0,1
7026,0.0,0
7027,1.0,0
7028,1.0,1
7029,1.0,1
7030,0.0,0
7031,1.0,1
7032,0.0,0
7033,0.0,0
7034,0.0,0
7035,1.0,1
7036,0.0,0
7037,0.0,0
7038,0.0,0
7039,0.0,0
7040,1.0,1
7041,1.0,1
7042,0.0,0
7043,1.0,1
7044,1.0,1
7045,0.0,0
7046,1.0,1
7047,1.0,1
7048,0.0,0
7049,0.0,0
7050,0.0,0
7051,0.0,1
7052,1.0,1
7053,0.0,0
7054,1.0,1
7055,0.0,1
7056,0.0,1
7057,1.0,1
7058,0.0,0
7059,1.0,1
7060,0.0,0
7061,0.0,0
7062,0.0,0
7063,0.0,0
7064,1.0,1
7065,1.0,1
7066,1.0,1
7067,1.0,1
7068,0.0,0
7069,0.0,0
7070,0.0,1
7071,0.0,1
7072,0.0,1
7073,1.0,1
7074,1.0,1
7075,0.0,0
7076,0.0,0
7077,1.0,1
7078,1.0,1
7079,0.0,0
7080,0.0,0
7081,0.0,1
7082,1.0,1
7083,0.0,0
7084,1.0,1
7085,0.0,0
7086,0.0,0
7087,1.0,1
7088,0.0,1
7089,0.0,0
7090,1.0,1
7091,1.0,0
7092,0.0,0
7093,1.0,1
7094,0.0,0
7095,1.0,1
7096,0.0,0
7097,1.0,1
7098,1.0,0
7099,0.0,0
7100,1.0,0
7101,0.0,0
7102,1.0,1
7103,1.0,1
7104,0.0,0
7105,0.0,1
7106,1.0,1
7107,1.0,0
7108,0.0,0
7109,1.0,0
7110,1.0,1
7111,1.0,1
7112,1.0,0
7113,0.0,0
7114,1.0,0
7115,1.0,1
7116,0.0,1
7117,0.0,0
7118,1.0,1
7119,0.0,1
7120,0.0,0
7121,0.0,0
7122,0.0,1
7123,0.0,0
7124,1.0,1
7125,1.0,1
7126,1.0,1
7127,0.0,0
7128,0.0,0
7129,0.0,1
7130,1.0,1
7131,0.0,1
7132,0.0,0
7133,0.0,0
7134,0.0,1
7135,0.0,1
7136,0.0,1
7137,1.0,1
7138,1.0,1
7139,0.0,0
7140,0.0,1
7141,1.0,1
7142,1.0,1
7143,0.0,1
7144,1.0,1
7145,0.0,0
7146,0.0,0
7147,0.0,1
7148,1.0,1
7149,1.0,1
7150,1.0,1
7151,1.0,1
7152,1.0,1
7153,1.0,1
7154,0.0,0
7155,1.0,0
7156,1.0,1
7157,1.0,0
7158,0.0,0
7159,1.0,1
7160,1.0,1
7161,0.0,0
7162,1.0,0
7163,1.0,0
7164,0.0,0
7165,0.0,0
7166,0.0,0
7167,0.0,0
7168,0.0,0
7169,0.0,1
7170,0.0,1
7171,0.0,1
7172,0.0,0
7173,1.0,1
7174,0.0,1
7175,0.0,1
7176,0.0,0
7177,1.0,1
7178,1.0,0
7179,0.0,0
7180,1.0,1
7181,1.0,1
7182,0.0,1
7183,0.0,0
7184,1.0,1
7185,1.0,0
7186,1.0,0
7187,1.0,1
7188,0.0,0
7189,0.0,0
7190,0.0,0
7191,0.0,0
7192,1.0,0
7193,0.0,1
7194,0.0,0
7195,1.0,1
7196,1.0,1
7197,1.0,1
7198,1.0,1
7199,0.0,1
7200,1.0,1
7201,0.0,0
7202,0.0,0
7203,1.0,1
7204,1.0,1
7205,0.0,0
7206,0.0,0
7207,1.0,1
7208,1.0,0
7209,0.0,0
7210,1.0,1
7211,1.0,1
7212,0.0,0
7213,1.0,1
7214,1.0,1
7215,1.0,1
7216,0.0,1
7217,1.0,0
7218,0.0,0
7219,1.0,1
7220,1.0,1
7221,1.0,1
7222,0.0,0
7223,1.0,1
7224,0.0,0
7225,1.0,1
7226,1.0,1
7227,1.0,1
7228,1.0,1
7229,0.0,0
7230,1.0,0
7231,1.0,0
7232,1.0,0
7233,1.0,1
7234,1.0,1
7235,1.0,1
7236,1.0,1
7237,1.0,1
7238,1.0,1
7239,0.0,1
7240,1.0,1
7241,1.0,1
7242,0.0,0
7243,1.0,1
7244,1.0,1
7245,1.0,1
7246,1.0,1
7247,0.0,1
7248,0.0,0
7249,1.0,1
7250,0.0,0
7251,1.0,1
7252,1.0,1
7253,0.0,0
7254,0.0,0
7255,1.0,1
7256,0.0,0
7257,0.0,0
7258,0.0,0
7259,1.0,1
7260,1.0,1
7261,1.0,1
7262,1.0,1
7263,1.0,0
7264,1.0,1
7265,1.0,1
7266,0.0,0
7267,0.0,0
7268,0.0,0
7269,0.0,0
7270,1.0,1
7271,0.0,0
7272,0.0,0
7273,1.0,1
7274,0.0,0
7275,1.0,1
7276,1.0,1
7277,1.0,1
7278,1.0,1
7279,0.0,0
7280,1.0,1
7281,0.0,0
7282,1.0,1
7283,1.0,0
7284,1.0,0
7285,1.0,1
7286,1.0,1
7287,1.0,1
7288,0.0,0
7289,0.0,0
7290,1.0,1
7291,1.0,1
7292,0.0,0
7293,1.0,0
7294,1.0,1
7295,1.0,1
7296,0.0,0
7297,0.0,0
7298,0.0,1
7299,1.0,0
7300,1.0,1
7301,1.0,0
7302,0.0,0
7303,0.0,1
7304,1.0,1
7305,1.0,0
7306,1.0,1
7307,1.0,1
7308,0.0,0
7309,1.0,0
7310,0.0,0
7311,1.0,1
7312,1.0,1
7313,0.0,0
7314,0.0,0
7315,0.0,0
7316,1.0,1
7317,0.0,0
7318,1.0,1
7319,1.0,1
7320,1.0,1
7321,1.0,1
7322,1.0,1
7323,1.0,1
7324,1.0,0
7325,0.0,1
7326,1.0,1
7327,1.0,0
7328,1.0,1
7329,1.0,0
7330,0.0,0
7331,1.0,0
7332,1.0,1
7333,1.0,1
7334,0.0,0
7335,0.0,0
7336,1.0,1
7337,1.0,1
7338,1.0,0
7339,0.0,0
7340,1.0,1
7341,1.0,1
7342,1.0,1
7343,1.0,0
7344,0.0,0
7345,0.0,0
7346,0.0,0
7347,1.0,1
7348,0.0,0
7349,1.0,1
7350,1.0,0
7351,0.0,0
7352,0.0,0
7353,1.0,1
7354,1.0,1
7355,1.0,1
7356,1.0,1
7357,1.0,1
7358,1.0,1
7359,1.0,1
7360,1.0,1
7361,0.0,0
7362,0.0,1
7363,0.0,0
7364,0.0,0
7365,0.0,0
7366,0.0,0
7367,1.0,1
7368,1.0,0
7369,1.0,1
7370,1.0,1
7371,1.0,0
7372,1.0,1
7373,1.0,0
7374,1.0,0
7375,0.0,0
7376,0.0,1
7377,0.0,0
7378,1.0,1
7379,1.0,1
7380,0.0,0
7381,0.0,0
7382,1.0,1
7383,0.0,0
7384,1.0,1
7385,0.0,0
7386,1.0,1
7387,1.0,1
7388,1.0,1
7389,1.0,1
7390,0.0,1
7391,1.0,1
7392,0.0,0
7393,0.0,0
7394,0.0,0
7395,1.0,1
7396,1.0,0
7397,0.0,0
7398,0.0,1
7399,0.0,0
7400,0.0,0
7401,1.0,1
7402,1.0,0
7403,1.0,1
7404,1.0,0
7405,0.0,0
7406,1.0,1
7407,0.0,0
7408,1.0,1
7409,1.0,1
7410,1.0,1
7411,0.0,0
7412,1.0,1
7413,1.0,1
7414,1.0,1
7415,1.0,1
7416,1.0,0
7417,1.0,1
7418,0.0,0
7419,0.0,0
7420,1.0,1
7421,0.0,0
7422,0.0,0
7423,1.0,1
7424,1.0,1
7425,0.0,1
7426,1.0,1
7427,0.0,0
7428,0.0,0
7429,0.0,0
7430,1.0,1
7431,1.0,1
7432,0.0,0
7433,0.0,0
7434,0.0,0
7435,1.0,1
7436,1.0,1
7437,0.0,0
7438,0.0,1
7439,0.0,0
7440,0.0,0
7441,1.0,1
7442,0.0,0
7443,0.0,0
7444,1.0,1
7445,0.0,0
7446,0.0,0
7447,0.0,0
7448,0.0,0
7449,1.0,0
7450,0.0,0
7451,0.0,0
7452,1.0,1
7453,0.0,0
7454,1.0,1
7455,1.0,1
7456,0.0,0
7457,1.0,1
7458,0.0,0
7459,1.0,1
7460,0.0,1
7461,0.0,0
7462,0.0,0
7463,1.0,1
7464,1.0,1
7465,1.0,0
7466,1.0,1
7467,1.0,1
7468,0.0,0
7469,0.0,0
7470,0.0,0
7471,0.0,0
7472,1.0,1
7473,0.0,0
7474,1.0,1
7475,1.0,1
7476,1.0,1
7477,0.0,0
7478,0.0,0
7479,1.0,0
7480,0.0,1
7481,0.0,0
7482,1.0,1
7483,0.0,0
7484,1.0,1
7485,0.0,0
7486,1.0,1
7487,1.0,1
7488,0.0,0
7489,1.0,1
7490,0.0,0
7491,0.0,0
7492,1.0,1
7493,1.0,1
7494,0.0,0
7495,1.0,1
7496,1.0,1
7497,0.0,0
7498,1.0,1
7499,1.0,1
7500,1.0,1
7501,1.0,1
7502,0.0,1
7503,0.0,0
7504,0.0,0
7505,0.0,0
7506,1.0,1
7507,1.0,1
7508,0.0,0
7509,1.0,0
7510,1.0,1
7511,1.0,1
7512,0.0,0
7513,0.0,0
7514,1.0,0
7515,1.0,1
7516,1.0,1
7517,1.0,1
7518,1.0,1
7519,0.0,1
7520,1.0,1
7521,0.0,0
7522,1.0,0
7523,1.0,1
7524,0.0,1
7525,1.0,1
7526,0.0,1
7527,0.0,1
7528,0.0,0
7529,0.0,0
7530,0.0,0
7531,0.0,0
7532,0.0,0
7533,0.0,0
7534,0.0,0
7535,1.0,1
7536,1.0,1
7537,1.0,1
7538,0.0,0
7539,0.0,1
7540,0.0,1
7541,0.0,1
7542,0.0,0
7543,1.0,1
7544,0.0,1
7545,0.0,1
7546,0.0,1
7547,1.0,1
7548,1.0,1
7549,0.0,0
7550,1.0,0
7551,0.0,0
7552,0.0,0
7553,1.0,1
7554,1.0,1
7555,1.0,1
7556,0.0,0
7557,0.0,0
7558,1.0,1
7559,0.0,0
7560,0.0,0
7561,1.0,0
7562,0.0,0
7563,1.0,1
7564,1.0,0
7565,1.0,1
7566,0.0,0
7567,1.0,1
7568,0.0,1
7569,0.0,1
7570,1.0,1
7571,0.0,0
7572,0.0,0
7573,0.0,0
7574,0.0,0
7575,0.0,0
7576,1.0,1
7577,0.0,0
7578,1.0,1
7579,0.0,0
7580,1.0,1
7581,1.0,0
7582,0.0,0
7583,1.0,1
7584,0.0,0
7585,1.0,1
7586,1.0,0
7587,0.0,0
7588,1.0,1
7589,1.0,1
7590,1.0,1
7591,1.0,1
7592,0.0,0
7593,0.0,0
7594,1.0,1
7595,0.0,1
7596,1.0,1
7597,1.0,1
7598,1.0,0
7599,1.0,1
7600,0.0,0
7601,1.0,1
7602,0.0,0
7603,0.0,0
7604,0.0,0
7605,0.0,1
7606,0.0,0
7607,1.0,1
7608,0.0,0
7609,0.0,0
7610,0.0,0
7611,1.0,0
7612,0.0,0
7613,1.0,1
7614,0.0,1
7615,1.0,1
7616,0.0,0
7617,1.0,1
7618,0.0,0
7619,1.0,1
7620,1.0,1
7621,1.0,1
7622,1.0,1
7623,1.0,1
7624,1.0,1
7625,0.0,0
7626,1.0,0
7627,0.0,0
7628,0.0,1
7629,1.0,0
7630,0.0,0
7631,0.0,0
7632,1.0,1
7633,1.0,1
7634,1.0,1
7635,1.0,0
7636,1.0,0
7637,1.0,1
7638,0.0,0
7639,1.0,1
7640,1.0,1
7641,1.0,1
7642,0.0,0
7643,1.0,1
7644,1.0,1
7645,0.0,1
7646,1.0,0
7647,1.0,1
7648,0.0,0
7649,1.0,1
7650,0.0,0
7651,1.0,1
7652,1.0,1
7653,1.0,1
7654,0.0,0
7655,1.0,0
7656,1.0,1
7657,1.0,1
7658,0.0,1
7659,0.0,0
7660,0.0,0
7661,0.0,0
7662,0.0,1
7663,1.0,1
7664,0.0,1
7665,0.0,1
7666,0.0,0
7667,0.0,0
7668,1.0,0
7669,1.0,0
7670,0.0,0
7671,1.0,1
7672,1.0,1
7673,1.0,1
7674,1.0,1
7675,0.0,0
7676,1.0,1
7677,0.0,1
7678,0.0,0
7679,0.0,0
7680,1.0,1
7681,0.0,0
7682,1.0,1
7683,0.0,0
7684,1.0,1
7685,0.0,0
7686,0.0,0
7687,1.0,1
7688,1.0,0
7689,0.0,0
7690,0.0,0
7691,1.0,1
7692,1.0,1
7693,1.0,1
7694,1.0,0
7695,0.0,0
7696,1.0,1
7697,0.0,0
7698,1.0,1
7699,1.0,0
7700,0.0,1
7701,0.0,0
7702,1.0,1
7703,1.0,0
7704,1.0,1
7705,0.0,0
7706,0.0,1
7707,1.0,1
7708,1.0,1
7709,1.0,1
7710,1.0,1
7711,0.0,1
7712,0.0,0
7713,1.0,0
7714,0.0,1
7715,1.0,1
7716,0.0,0
7717,1.0,0
7718,1.0,1
7719,1.0,1
7720,1.0,1
7721,0.0,0
7722,1.0,0
7723,1.0,0
7724,0.0,0
7725,0.0,0
7726,1.0,0
7727,0.0,0
7728,1.0,1
7729,0.0,0
7730,0.0,0
7731,0.0,1
7732,1.0,1
7733,1.0,0
7734,0.0,1
7735,0.0,1
7736,0.0,0
7737,1.0,1
7738,1.0,1
7739,1.0,0
7740,0.0,1
7741,0.0,0
7742,0.0,0
7743,1.0,1
7744,0.0,0
7745,0.0,0
7746,1.0,1
7747,0.0,1
7748,0.0,1
7749,1.0,1
7750,1.0,1
7751,1.0,1
7752,0.0,1
7753,1.0,1
7754,0.0,0
7755,1.0,1
7756,0.0,0
7757,1.0,0
7758,1.0,1
7759,0.0,1
7760,1.0,1
7761,1.0,1
7762,0.0,0
7763,0.0,0
7764,1.0,1
7765,1.0,0
7766,1.0,1
7767,1.0,1
7768,1.0,1
7769,0.0,0
7770,0.0,1
7771,0.0,0
7772,1.0,1
7773,0.0,1
7774,1.0,0
7775,0.0,0
7776,1.0,1
7777,0.0,0
7778,0.0,0
7779,0.0,0
7780,0.0,0
7781,0.0,0
7782,1.0,1
7783,1.0,1
7784,0.0,0
7785,0.0,1
7786,0.0,0
7787,0.0,0
7788,0.0,0
7789,0.0,0
7790,1.0,0
7791,0.0,0
7792,0.0,0
7793,0.0,0
7794,1.0,1
7795,0.0,1
7796,0.0,0
7797,0.0,0
7798,1.0,1
7799,0.0,0
7800,0.0,0
7801,1.0,1
7802,1.0,1
7803,1.0,1
7804,0.0,0
7805,0.0,0
7806,1.0,1
7807,0.0,0
7808,0.0,0
7809,0.0,0
7810,1.0,1
7811,0.0,1
7812,0.0,0
7813,0.0,0
7814,1.0,1
7815,1.0,1
7816,0.0,0
7817,0.0,0
7818,1.0,1
7819,0.0,1
7820,1.0,0
7821,1.0,1
7822,0.0,1
7823,0.0,0
7824,0.0,0
7825,0.0,1
7826,0.0,0
7827,1.0,1
7828,0.0,1
7829,0.0,0
7830,0.0,0
7831,0.0,0
7832,1.0,1
7833,1.0,1
7834,0.0,0
7835,1.0,1
7836,0.0,0
7837,1.0,1
7838,0.0,0
7839,1.0,1
7840,0.0,0
7841,0.0,0
7842,0.0,0
7843,1.0,1
7844,1.0,1
7845,0.0,0
7846,1.0,1
7847,1.0,1
7848,1.0,1
7849,0.0,0
7850,0.0,0
7851,0.0,0
7852,0.0,0
7853,0.0,0
7854,0.0,0
7855,0.0,0
7856,0.0,0
7857,0.0,0
7858,0.0,0
7859,1.0,1
7860,1.0,0
7861,1.0,1
7862,0.0,1
7863,0.0,0
7864,1.0,1
7865,0.0,0
7866,1.0,1
7867,1.0,0
7868,0.0,0
7869,0.0,0
7870,0.0,0
7871,0.0,0
7872,1.0,1
7873,1.0,1
7874,0.0,0
7875,0.0,0
7876,1.0,0
7877,1.0,1
7878,0.0,0
7879,1.0,1
7880,0.0,0
7881,1.0,1
7882,1.0,1
7883,1.0,1
7884,1.0,0
7885,1.0,1
7886,1.0,1
7887,1.0,0
7888,0.0,0
7889,0.0,0
7890,0.0,1
7891,0.0,0
7892,1.0,1
7893,1.0,1
7894,1.0,1
7895,1.0,1
7896,1.0,1
7897,0.0,0
7898,0.0,1
7899,0.0,1
7900,1.0,1
7901,1.0,1
7902,0.0,1
7903,1.0,1
7904,1.0,1
7905,1.0,1
7906,1.0,1
7907,1.0,0
7908,1.0,1
7909,1.0,0
7910,1.0,0
7911,0.0,1
7912,0.0,1
7913,0.0,0
7914,0.0,0
7915,0.0,0
7916,0.0,0
7917,1.0,0
7918,0.0,0
7919,0.0,1
7920,0.0,1
7921,0.0,0
7922,1.0,0
7923,0.0,1
7924,1.0,1
7925,0.0,1
7926,1.0,1
7927,0.0,0
7928,1.0,1
7929,0.0,0
7930,0.0,0
7931,0.0,1
7932,1.0,1
7933,1.0,0
7934,1.0,1
7935,1.0,1
7936,0.0,1
7937,1.0,1
7938,1.0,1
7939,0.0,1
7940,0.0,1
7941,1.0,0
7942,0.0,0
7943,1.0,1
7944,0.0,0
7945,1.0,0
7946,1.0,0
7947,1.0,0
7948,1.0,0
7949,0.0,1
